LeadID,Full Name,Source,Status,CreatedDate
19056cd3-d358-4497-921e-aeea9befb060,Michelle Gillet-Ruiz,Social,contacted,2025/03/27
fb15e056-1c61-43a7-83b6-4f94aebe7fc4,Jean Morin,Referral,new,2025-02-02
b3a0ec14-d432-47be-8b1e-295e62a61390,Lucas-Jacques Texier,Social,new,2025-03-23
6a548efd-9f30-42a7-b11e-c4ee25b19030,Sylvie Guilbert,web,qualified,15-06-2024
0d4189a9-04cf-45e4-95ae-9fb26eba4271,Agathe de Carre,E-mail,lost,11-10-2024
2906f7d2-2ff4-431d-b2f8-d1ea00cb9ca8,Alice Bernier,web,,2024-04-22
c5b15532-8103-4a29-873a-d8d6d3c0f8b2,Manon Delmas-Aubert,Social,Contacted,07-04-2025
b1b5b684-3382-42da-94b3-c01b902e3b34,Thierry-Michel Moulin,Social,New,02-06-2024
057e0eb8-d395-4ffe-a2b3-68b5e18ad81d,Frédérique Guilbert,social media,new,2024-11-05
99b78f1c-a8e4-4edd-a536-2ac1876a49bb,Benoît Ledoux-Renard,social media,Qualified,16-12-2024
df9653e8-4f9f-4da2-8216-695bb4140163,Édouard-Philippe Rodrigues,web,Lost,2024-07-19
6e6da80e-1fe2-4dde-abc1-c348bcd5a88b,Augustin Lefebvre,social media,Contacted,2024/12/31
7df6319a-e813-4e2e-9f1a-7077f82ccd42,Roger Ferrand,referal,Lost,2024/12/19
88197a7d-b661-4e64-b4f2-304bf2af32b3,Arthur Marchand,Referral,new,12-03-2025
18316028-a3d9-4386-914c-ec16bf365ea0,Benoît Étienne,Social,contacted,2025-02-06
6a3be92f-ea2e-4c22-8174-a07f197cc035,Théophile Camus,Email,Qualified,2025/02/25
7b6e5d95-9039-4c2e-8d6f-6aa983c62bd2,Guy Parent,E-mail,lost,22-12-2024
94e4dc3f-0898-4ab0-b31b-8c07278859d7,Suzanne Maillet,social media,qualified,2024-09-22
abb2e4e5-6d3e-441a-a8a3-6565d806e7f9,Bernard David-Girard,Referral,contacted,2024/12/08
337ddfa4-5585-4365-8f59-64caf47a5c6b,Théophile Petitjean,E-mail,Lost,2025/03/17
a1d8aab3-b577-41b0-a7f1-7a32ca3b8919,Daniel-Daniel Benoit,E-mail,Lost,2024/09/13
3d06ee50-cef3-4f3d-be57-2f5d53b84cc2,Noël Chevalier,Web,qualified,27-07-2024
c68b6e64-7b49-4369-9ced-012ee380efea,Tristan Potier,social media,contacted,30-08-2024
60c5e090-f198-409c-bb5a-94e403517151,Eugène Dumas,Email,Qualified,02-03-2025
7555de6e-c702-4a01-b9d6-d733209c7e52,Alice Blin,referal,Lost,2024/12/31
d160cf42-4f03-4adf-a846-875e45f363f4,Pierre-Frédéric Perez,Web,lost,2024-10-27
cb1f4fe0-c790-44fb-ac2f-c93def18da80,Stéphane Benoit du Petit,referal,Contacted,2025-02-22
14eb383a-65f2-4c1b-92d1-9c16fd52e5fb,Thérèse Vallet,web,lost,2025/02/16
3936da1c-622b-4dec-b620-c543d33d0933,Patrick Bourgeois,web,qualified,
e30bcc40-d739-459a-a6e9-404129a261f9,Valérie Guichard,social media,qualified,2024/11/15
67216cf6-3db1-406f-87d8-02a142e76bef,Théophile de Hebert,E-mail,contacted,2025/03/04
3633cf81-d287-4f0d-9a2d-4ebc085bd297,Caroline de Meunier,social media,new,24-11-2024
8e20c39d-7110-4ad6-92da-fc635240758e,Charlotte de la Maillet,Social,contacted,08-07-2024
ad75a56a-3b69-4342-bb4c-8db0eeaec9df,Pénélope Dufour,social media,qualified,2024/07/10
2440bcf0-dd10-4d28-bb4c-4e1146087f65,Gabriel Klein,web,Contacted,05-04-2025
6af430b3-24e8-4d83-a191-8ba0c2f42d84,Auguste Durand de Poirier,web,lost,20-12-2024
24206bc2-ccda-472b-b3f9-c3fb465159bb,Adrien Le Weber,web,contacted,2025/03/03
c142c184-5664-4b59-88ba-872963f6c0d8,Stéphanie De Oliveira,social media,lost,2024-04-22
1ba7e2f4-6761-47f0-83d2-4f49ba5ddb0a,Joseph Denis,E-mail,Qualified,23-10-2024
2c2765da-4d42-478b-bcf4-04554211bb02,Alexandre Allard,Social,Contacted,2024/08/16
895a78c7-9dff-4267-beb1-d8063c0875e8,Émilie de Menard,Social,Qualified,16-01-2025
6973156d-9acb-4074-af6d-d3b819abbcfc,Léon-Martin Blondel,referal,Lost,2024-04-22
d3705ef8-2666-48d1-b3c9-97dbc400ba3c,Thérèse Klein,social media,contacted,31-01-2025
a13b7a72-1c66-4329-9876-30c78f335233,Maurice Lamy,Email,qualified,2024-12-31
b373e393-b6a5-40f7-be4f-1bd4f3d5a4ee,Céline Caron,referal,new,04-08-2024
cc2dd3c5-cd2d-4f3e-b4eb-645b7ddb0c24,Marguerite Blot,Social,Lost,2024/12/01
4d5721e9-6cff-4fb2-a0c7-e78f74c5f38f,Constance Lesage,Social,contacted,2024/09/07
a37cd69c-e437-445d-ad73-4c4b99189112,Éric Dias,Social,Qualified,2024/06/19
74771e37-f0eb-49dc-9778-45ac791f496d,Lucas Bonneau Le Auger,Email,lost,2024-11-15
4a7bbd7c-b6c4-464a-9501-4fb52eeb39d6,Suzanne Gillet,Web,contacted,21-07-2024
73c1ca0e-cfb7-4286-8b7f-63f04b607161,Denise Fournier-Rousseau,Referral,new,30-05-2024
62e9826e-a9b4-4dc1-bd88-8e18310adbd8,Jeanne Le Leroux,Web,New,26-01-2025
13cc0bcd-85b1-409b-ac8a-de90bdba6a7b,Patrick Dumont-Parent,Email,lost,2024-07-29
0bd64166-c0bc-4eee-a08f-b5a42c40b54e,Marc Letellier Le Dumas,Email,lost,24-03-2025
a7c70d48-1106-42d9-a88b-feb65025761c,Anne Marques,Email,new,2025-02-26
226ea8de-79ab-4ee0-9355-2a29d951301c,Virginie De Sousa,Web,Contacted,2024-11-26
0b2e6ca6-e327-4dbb-b161-e1458cf57a05,David Mace,referal,lost,02-02-2025
44ba505c-09db-42bb-b13b-897c0c88a547,Eugène de Vallée,Email,New,15-10-2024
b8e77e1a-048a-42aa-9707-a31390868ed9,Timothée Morin,Web,Contacted,2024/06/07
5c41dfd1-d713-4daf-96c5-d15de9404300,Éric de la Gaudin,social media,new,2024/11/14
91ed007e-db17-41e2-8ff4-cf294f10e8a0,Maggie Lemaître Le Dubois,E-mail,New,2025-04-13
294d66a0-d571-498a-ade4-cd2dcd32ef88,Chantal Pascal,Web,Contacted,2024-06-04
12221f30-332a-4278-a25c-082d0d00c96f,Mathilde Jacquet Le Vallet,social media,Lost,2024-11-14
7330a404-6394-4bea-ae90-60ab0dc8a778,Laetitia Munoz,Referral,contacted,2024-10-03
cba3b54c-9caf-4fc4-a2e9-a07223e33d37,Xavier Becker,referal,new,2025/01/19
6626978d-1013-4c17-9294-63bc6bfddb15,Aurélie Payet,Email,qualified,2024/09/20
4004b62d-de49-42e7-9ebd-7bfa51b8181f,Élodie Guillet,E-mail,New,2024/05/02
a676dc48-c8ea-44d8-aa0e-88f445c751af,Henri Mathieu,Social,Lost,2024/09/06
73297767-8e0f-4617-bc4e-fd0c24fa95c1,Virginie Lopez,referal,Qualified,2025/02/09
879b7fcc-9147-4e2a-8198-bf4a06e10612,Laetitia Perrot,web,lost,09-05-2024
34845369-98e6-41b8-a318-fff66826d833,Thérèse Alexandre,Social,Qualified,2024-07-20
dcc6e16c-83d4-440d-b4fb-03b3ab14e526,Éric Leclercq,Social,Qualified,2025/03/28
f2240e4b-4c0e-43af-94d2-db9452ef6d50,Victor de la Perret,Social,New,06-05-2024
01761649-2792-40b5-a48f-5a06f6b9bc93,Paul du Lefèvre,Referral,New,2024-06-07
a144fc15-09fd-4928-8d8e-c8d5a3510927,Alexandria Cohen,social media,qualified,22-07-2024
654669c5-e67f-4567-bcc0-d13a78464785,Amélie Guillot,Social,Lost,2024-05-23
a489f872-9be3-43d0-95a0-87f26f32c404,Renée Durand,social media,contacted,09-10-2024
44c04650-039c-430e-9b32-c18ab6f2c84e,Philippine Simon,Social,new,2024-05-05
c22b6013-977b-45d6-95d2-215d562e4c33,Arthur Guillon-Delorme,web,,04-08-2024
,Grégoire-Thibault Lacombe,Social,Lost,2024-12-09
6385e5ba-a69f-4a45-a72a-ffc81149040b,Jules Maurice,Email,New,2024/05/04
704dc28c-8f36-48b4-8a53-6e222fcde2a7,Clémence Delattre de la Joly,Web,Qualified,21-08-2024
7209b6ed-5549-4b06-ab32-8007561957fd,Bernard Legendre Le Fouquet,social media,Qualified,2024-08-29
d92bd9c0-f514-475c-a21e-fafcff49e319,Raymond Couturier,,Contacted,2024-12-11
0668bd6b-6243-47a2-af11-b5b209c6f153,Marc Rey-Da Costa,referal,qualified,2024-04-23
b5a4160b-168c-46fa-a529-8ef295045996,Audrey Delattre,Email,Lost,
edcefcf6-3ed0-40ff-9f92-c7f437dda186,Gérard du Bourgeois,social media,New,2024/08/09
2c2da376-cbd5-4a22-8b38-a2f452a6f47a,Alix Royer-Chartier,Social,Qualified,2024/07/12
c27c9845-bd9d-42d9-ad8b-8b4430595b9b,Joséphine Lopes,E-mail,New,30-07-2024
82bd0592-c89d-4e2a-9fde-8341d081fc1d,Luc Hernandez,referal,Contacted,01-12-2024
e915855f-6a72-42a6-85fb-e0e3f93ebbad,Jacques Barbier,Social,New,2024-12-20
1d07b06e-8d34-462f-a8fc-d237811c81c9,Catherine Étienne,Social,New,25-09-2024
c053b8d4-a6cc-49a5-8d39-aa69776132d8,Thomas Coulon,social media,lost,2025/01/11
9236f028-4096-4bde-966e-1fe9d3b91cce,Matthieu Guibert,referal,contacted,2025-01-12
b0dfd7b9-fa66-42c0-9c4c-532de2999e1a,Marcel Durand,referal,Lost,2025/01/02
fa369cd1-8aee-4564-be21-4e82bbd8ca7b,Daniel Barre,Referral,new,2024/10/05
07d8a281-6495-4d6a-8fe3-f047db142d73,Thibault Laporte,web,Lost,2025-01-23
43fa9859-25dc-4309-b367-6a372a699380,Sabine Mercier-Langlois,referal,lost,2024-10-19
7cfa63d3-68e4-49d9-bdc9-b4cf0d2a26b2,Nathalie Boulanger,Web,Qualified,2024-04-30
04ae0b41-ce47-4169-884b-e083facea57b,Éric Marie,Email,qualified,06-01-2025
9ed9e494-7369-4ec6-beb1-07de91b7059c,Paulette Bailly,social media,new,21-02-2025
a6c38512-01ca-4913-b1e5-d9a2a52b0e5d,Roger Lejeune de Perez,social media,contacted,21-09-2024
2446ee1a-11c0-4c0c-a5fa-d5f2575e54d5,Martin Bouchet de la Le Roux,Web,lost,25-09-2024
1072ac5a-58c9-4ac6-94ff-24c6ff62236c,Julien Mercier,referal,qualified,28-09-2024
22af032a-dd58-4a80-8d21-b396cac4863d,Alix de la Weber,Email,new,2025/04/05
d0bd5160-cdec-428d-8967-c6131bf60c6e,Emmanuel-Denis Laine,Social,Lost,2025-04-10
7fc74402-4ada-44b2-a9b1-345df63a43a4,Léon Coste du Dijoux,social media,new,2024-08-29
6c17f962-35e0-4d49-9f50-9cf3e2d77296,Arnaude Le Diallo,Social,lost,2024/11/13
443e61a2-4664-4837-a430-774c059996dd,Hortense Marques,social media,qualified,09-01-2025
d193ef51-09fc-4c3e-b60e-f2908cda07ae,Timothée Delahaye,referal,qualified,2024/06/09
f460bfc9-733e-46d5-8997-3c42eeb3dae4,Thibault Morin,social media,Contacted,08-10-2024
1b095a7b-1fd7-4b31-8441-1fb41a0f6a46,Bernard Arnaud,Web,new,2024-12-10
58bd9674-f9c1-4f3f-ba5e-a6b50a698790,Camille Le Mercier,referal,lost,2024/11/30
640bf74d-f4d9-4d69-b22c-1facff860715,Laurent Lombard,social media,Lost,2025/03/16
173f874a-35dd-445f-b241-848ec48c0240,Henri Mary-Adam,Social,Contacted,2024-09-29
11a72645-831b-4361-b755-186e07092506,Constance Le Rodriguez,web,qualified,2024/05/30
3c7445d7-a984-45b1-96ec-2553f51e0a20,Marianne Goncalves-Lucas,Referral,qualified,21-06-2024
1f23133d-37de-48b5-9d87-522fec9599ed,Honoré Gonzalez,Social,Lost,2025/03/13
5ccbc965-144d-44aa-944e-2297398b08dc,Olivier Blin du Lombard,web,contacted,26-01-2025
41f11885-022f-43bb-9318-9d91df0413d2,Dominique Descamps de la Chevalier,social media,new,2025/02/19
2c877b24-eed1-4941-b5ff-354cdca86096,Laurent Peltier,social media,new,01-05-2024
9521b0fe-3ae0-4617-935e-fb8b506b97e4,Marcelle Moulin,referal,Contacted,06-02-2025
83ad63ff-e790-4312-aabb-866bb56cdf1a,Jérôme-Tristan Garnier,Referral,Contacted,2025-04-13
aa216e2d-98ef-415b-957b-5f77214d641a,Françoise-Suzanne Grenier,web,qualified,06-11-2024
33ada4f2-4535-41de-82ab-cdc5ebb616fe,Adrien Navarro,Web,new,2024-08-09
43444bdd-1486-4559-a5e1-e89692686cba,Stéphanie du Guyot,E-mail,Lost,2024-06-26
e08a346b-0128-4f4f-b786-ab40711c9516,Stéphane Brun,referal,new,2024/05/08
887ca18f-19f3-4dd5-80c3-71ded548e2dd,Véronique Bonnet-Merle,Web,new,2024/09/27
beea0c6c-9937-4821-95df-a2bfa313cf14,Élodie Caron-Hamel,referal,Contacted,25-11-2024
0e4fe9d8-458b-4ce8-9053-280825d40d6c,Bertrand Hoareau,social media,,2024-06-24
053822d6-ee54-4acd-8280-9828d7bedd64,Marc Gimenez,web,New,2025/02/20
76de3e6f-e1a6-44c4-afe8-77e608d0e66b,Émile Paul-Duval,web,Lost,2025-02-28
5de63714-e20e-4c0b-b6b7-edba9300c466,Michel Marin,social media,new,15-06-2024
d495ef8f-ef72-4124-80ea-f3f512fd4b1a,Agnès Perret-Humbert,social media,Qualified,2025-04-05
0e4f8fd3-a49c-4eb1-99a7-2878e5c4ab9d,Pauline Étienne,Web,qualified,27-03-2025
f9afa2b3-4791-49c8-bbbc-1d285ed323d6,André Gérard,social media,New,2024-10-04
1525f975-7e3b-40c1-a3b9-d4ccaec8a6c7,Antoinette De Sousa,Email,Lost,09-06-2024
51486322-71ea-4516-b515-1435cd01ab44,Yves Bourdon-Moreno,referal,New,2025-04-13
35c5609c-e0ac-492e-8252-e73e54bfa7a4,Thomas Lombard,E-mail,qualified,2024-12-27
12d556e1-d615-4abe-980f-7c286d80b414,Odette Maury-Blondel,social media,contacted,31-05-2024
b6eb2780-c6e8-4197-876d-22bbe23bb258,Victor Ferreira,Email,contacted,2024-10-31
910bc36b-2e25-4050-9397-d7a15ebf6bc8,André Laurent-Collet,Referral,Lost,2025/01/05
2510d4b5-9b33-468d-8646-7710f1faffe7,Stéphane Da Costa,Email,Qualified,2024-09-25
9ffbd74f-8d2f-4f1b-9e56-c467cc1a7159,Noémi Lombard,Web,Lost,2024/05/27
c6a54047-693e-4fba-927b-e71e685d0751,Bertrand Regnier,web,,2024-09-09
0ca8e68a-beff-4feb-894b-8e96769f5cec,Alain Baudry,Referral,New,17-06-2024
cc298920-d7e4-4920-ae34-42d40f5407eb,Hortense Pichon,Social,Contacted,18-11-2024
66d29dd4-6fc9-40f1-b2c7-59b9ea0659c6,Martine Laroche,social media,New,02-04-2025
1d83f40b-e42b-47b5-b92d-35d4cd70ed21,Maggie Rémy du Gaillard,E-mail,qualified,2024-11-24
11b67738-43ed-4e83-b0df-d90c0af6d6d5,Richard Humbert-Bouvier,E-mail,New,15-05-2024
7f1bb110-f97e-4c8f-a27f-1fb976c61e2e,Victor Martel-Gérard,E-mail,new,2025/02/21
d631d1cb-5833-4052-ab99-b45d7c2c6735,Alix-Nicole Aubert,Email,new,2024-08-29
1ef80a8b-3812-49e8-b1ad-1c8a9cc9d6e3,Charles Rocher,web,Qualified,2024/09/04
0be80648-ede5-41af-a9a4-21e11304aa0b,Thibaut Joseph,web,,08-12-2024
dc8a12a7-9feb-4f70-acb6-afa51bb64356,Édith-Laetitia Barbe,social media,qualified,12-04-2025
37cf5f54-180e-4f0f-aeba-98dff43585c5,Benoît Martin,social media,lost,30-06-2024
8515985f-e884-4a83-9389-1467e1fb2a96,Michel Turpin,Web,contacted,2025/03/21
e4ca20f5-0e81-4bbd-95e4-486fb0121057,Bernadette-Danielle Boyer,social media,Lost,16-04-2025
5768ca2f-b7cb-4ce8-80f6-7383af801bb4,Henriette-Dominique Ollivier,social media,Lost,2024-12-10
eb3b72f9-e980-4f94-9bfd-62c75c279375,Hélène Barbe,Web,contacted,2024-12-29
5362cea2-3ff7-43ab-927d-3f174d741278,Louis-Richard Noël,referal,new,14-12-2024
d3bfc935-2c49-48ad-a25f-239a6ad733bb,Yves de Petit,Social,Qualified,2024-06-30
6415670f-3baa-4034-b196-721ede091db6,Nicolas Le Martel,referal,new,15-04-2025
84a43af7-092b-4b60-9050-04a6c0b4a713,Jacques Andre,Referral,qualified,12-01-2025
b5b92c65-f9c4-4c6c-942e-b4c389c154c4,Michel Costa,Email,new,2025-03-25
36d772e2-39f1-42cd-8a74-da99e036147c,Éléonore Bouchet,Email,lost,12-05-2024
b6db9de7-d67b-4ef2-b157-8bc84a68e290,Louis Aubry Le Marchal,Referral,Lost,09-10-2024
11092304-38df-4403-a471-efac59bce82b,Alphonse Dufour,Web,contacted,24-09-2024
8f06cbf7-f471-48d3-ad8b-2c5fddbc25fb,Simone Ruiz de la Reynaud,E-mail,qualified,2024-08-19
45fecbb7-1220-4e65-af53-78be71c937da,Anouk de la Guichard,social media,,31-08-2024
ade68538-1903-414e-9ea9-6ab521a5494d,Marie Renaud,social media,new,15-02-2025
91471e8a-7ede-4d33-91c0-53239be61d4c,Guillaume-Maurice Deschamps,E-mail,New,21-04-2024
b8777b45-eb8a-4707-aaba-954810d2596e,Olivie Delattre,web,Qualified,08-11-2024
ecf35c83-4855-4330-9b4c-4132dca47da8,Denise-Simone Leroux,,new,2024/09/05
c6de38b9-d906-4756-94ba-81f941911755,Rémy Roche,Web,qualified,2025/03/10
d0728b7c-dcf0-4af3-b94d-8bfdcff7df41,Guillaume Leroy,Email,new,2025-02-27
0848282c-3035-4bf4-a365-9101da8e22cc,Arnaude de la Renard,Social,Lost,26-03-2025
483656fb-949c-4e1a-bee6-32f3f80a9cde,Thibault du Duval,Web,contacted,2025-02-02
0946d055-fb9a-48e4-901e-2f04fe3ddd26,André Gérard,Referral,Contacted,2025-03-09
92535094-3f31-49e4-abfd-0310e2c00373,Bertrand Ruiz de la Maillet,Social,Qualified,11-01-2025
e07b8ff5-0fcd-4fd9-8e5c-f40296e0cf68,Madeleine-Alice Rivière,Web,New,2024-10-06
ba23590e-d361-4a9e-bb9c-007cd3ac1bf7,Thierry-Timothée Pereira,web,lost,2024/11/24
33df2628-8268-466a-ad48-adf12cc85993,William Moreno,referal,Contacted,08-09-2024
018f19bb-1ca0-40d2-98cc-6931d175196c,Pénélope-Stéphanie Martinez,social media,qualified,2025/01/08
4bce01eb-e319-4251-ad58-35f6cd84eede,Anouk Legrand du Verdier,E-mail,Qualified,19-03-2025
4c6c3bd6-cb70-48ee-b927-a8c39be8f86e,Stéphanie Barthelemy,E-mail,contacted,25-09-2024
78db52b1-f4ab-434a-9ba9-5c59249df917,Léon-Matthieu Seguin,referal,qualified,2024-07-08
e40d47ef-b1e5-4b92-8081-895ae9f4c626,Claudine Lemaire,Email,New,2025/04/16
7c530f68-e571-4717-bc25-6aebc4153cab,Diane Legrand-Jourdan,Social,Qualified,2024-12-01
22e58336-f164-48ee-adf7-e749b363caf7,Alix Delannoy,web,Lost,2025/02/24
835288a4-bd9d-4a81-a785-32f90e394b3d,Louis-William Schmitt,social media,Qualified,2024-11-10
4d11072f-3f7c-4f19-b318-63707fe58ce6,Simone Chevallier,Email,Contacted,2024/07/01
834ed2c5-5d83-44f5-bb03-5a6dad08ba34,Élise Pereira,Referral,Qualified,21-05-2024
5da581a1-3710-494d-9ee0-306715de7226,Thibault Arnaud Le Guilbert,E-mail,Qualified,2024-09-13
6863778e-51d9-4f78-862c-10667843d846,Honoré Hubert de Leclerc,Social,lost,2024-06-20
df9153e1-1c45-4939-8953-365fe8b3ff8f,Nathalie Garnier,E-mail,Contacted,2024-07-05
382353f6-2f86-440b-8004-ee586b816a43,Vincent Pages-Rodrigues,social media,contacted,15-12-2024
4ab464c3-b55e-45b3-88c6-614cb5edda23,Adélaïde Blondel,web,new,2024-08-09
abe1f0d8-ec58-4762-aed0-516362dc1736,Lucy Fontaine,Social,contacted,2024-10-17
c6dc9cbe-d031-41a2-89ab-f564221f5888,Amélie de Buisson,referal,qualified,20-10-2024
7bb50b6e-9adc-4718-9f12-e5b39fc202eb,Patrick Texier,referal,contacted,2025/04/09
410ad23d-cc73-4d16-8a6c-3a1605acb90f,Audrey Julien-Rocher,Web,contacted,2024-06-19
1b20690e-b246-4434-b3a0-31767d7fce03,Joseph Guyon,web,lost,05-04-2025
b3c93829-5250-471b-be4f-91c82980f7b5,Nicolas Couturier,social media,Contacted,27-01-2025
c1f64956-f7fa-4734-b457-32c5f53d7637,Aurélie Dupuis,E-mail,new,2024/06/29
cce12e8b-0e81-496d-8dc4-341f09171e43,Jeanne Becker,Web,new,2024/06/20
6324b423-31a7-4ab7-abb7-606fd6f19ed1,Tristan Guillou,web,Lost,2024/05/25
bc80e303-b628-4795-9796-ae9fa466dd52,Susanne-Audrey Duval,Email,Contacted,18-02-2025
798feb71-06be-435f-b64e-4bbb1501dbbc,Marc Chevallier-Robin,Referral,Qualified,21-02-2025
b441520e-997f-4bc6-8649-78f4c0df13f2,Suzanne Masson,web,Lost,28-11-2024
f61e390e-f4bf-449c-96ff-d9a7708baf8a,Sabine Hardy,web,qualified,2024/05/14
6131e49d-66b3-495f-ac54-cbcb61798dd5,Brigitte Boulay,referal,Lost,01-08-2024
8bb1e809-cb85-4d97-aefd-da4f1069b827,Lucas Dupré,referal,Lost,2025-01-10
0a81fa55-7e34-40c8-94a0-e9145d13b930,Matthieu Fabre,E-mail,lost,2025/04/14
e92958c0-fc8f-4a6d-bd51-c6dd295e5388,Daniel Sauvage,E-mail,lost,2024/05/16
,Joseph Denis,referal,Qualified,2025-02-12
e3bd1c68-71b4-4b12-8ce8-c3339efc6fc2,Thibaut Antoine,social media,new,05-02-2025
1bf8204f-380d-4ae4-b56d-46272759137f,Thérèse Martins,social media,contacted,2025/03/06
9efc2c49-9144-453d-b6b1-38da40b0700e,Robert Poirier,Email,lost,2024/06/13
6a05be46-8503-4c26-bcfb-73706e6b75cd,Maurice Charrier,Web,Qualified,11-03-2025
4cdc3b9a-52f4-4f97-8264-4899479d5be0,Marine Delahaye-Marie,social media,lost,2024/06/06
206c428d-1b1a-4bd7-a861-9d1b046c1f72,Thérèse Menard,social media,Lost,2024-10-17
44264a3a-453f-4d62-9b3c-5439033bd630,Camille Pineau du Roussel,referal,Lost,2025/04/05
86bfacc7-5df4-4dd5-b0c5-34b4b37dea2c,Charlotte Thierry du Berthelot,web,Qualified,2025/02/21
2531b75e-bab0-4a7a-b8fb-0c64191cea20,Claude Rey,Email,new,10-07-2024
af50eb84-9039-46ce-bbdc-b2c8b7d43146,Astrid-Victoire Ramos,referal,Contacted,2025-01-01
806147ab-6b75-4970-b6c3-e23294019349,Juliette Leroux,E-mail,lost,02-06-2024
e8dfb523-14a7-4d2f-9153-8be150eaa4be,Louis Mercier,Referral,Qualified,20-04-2024
b94d8e09-10f4-426f-bb6d-5625967436ca,Rémy Mendès,social media,Contacted,2024/06/15
60a75a5a-50b4-44fa-bcb7-0a857aad793e,Élisabeth Seguin,Web,New,2024-11-24
367c876c-b3ed-49b3-8f79-ae8ecc12069d,Pénélope Auger,E-mail,Qualified,
f0151972-3a71-4a67-b796-ea87a0c74724,Marc Faivre,Web,contacted,12-03-2025
fa836458-fed1-4a2d-8e9f-6791d0916613,Martin Peltier,social media,Lost,2024/09/26
3632f0c0-714f-41d7-b33e-dde4c5766506,Benjamin Charles,E-mail,contacted,2025-04-12
571dbbbe-33bf-472a-91f1-b34e2209c3fc,Patrick Parent,social media,Qualified,2024/12/12
485ab6f2-3d46-43b7-8488-b8e6ac85ed4b,Michel Legrand,Email,contacted,2025-01-14
67f5b865-bf76-4225-a657-dc72bde448bb,Patrick Maréchal,E-mail,Contacted,04-10-2024
b6b67988-874c-4df6-bb17-751e4268cfa7,Raymond Gay de Clerc,web,Qualified,18-08-2024
f85f549c-fd5a-4c3e-803d-95186246f491,Gabriel Chevalier,Web,,2025/01/18
64b31c15-66de-404f-a69d-4e5405f89735,Denis Raymond,Web,contacted,2025/01/15
9d86a3dd-24be-4962-befa-8dc1dc58d723,Jacques Lemaire de la Petitjean,web,contacted,02-09-2024
99dab8d8-01a3-46ce-a920-9cabdef17652,Anastasie-Astrid Descamps,referal,,28-07-2024
66fa069d-03a0-469c-8534-73a3cbb907ea,Arnaude Boyer-Gilbert,Social,lost,17-12-2024
d536ba96-97f8-43be-9d90-72f456b66dd7,Adélaïde Martins,web,contacted,2024/12/23
aea31181-37a9-4592-967a-6b6f663637b9,Martin Picard,social media,Lost,15-07-2024
55d808d5-058b-4608-9287-26d1798e5fe2,François Brunet de la Fouquet,referal,new,2024-09-27
7b532071-2889-4f18-b91d-5ba50293cc55,Laure Perrier-Boutin,Email,Lost,2025/04/10
0e3cbd62-db81-4db2-8882-28572eacf23a,Emmanuelle Sauvage,Web,Qualified,2025/02/28
fc00319b-bfc8-4f92-9853-5c1255fac683,Joseph-Rémy Guillet,E-mail,Lost,2025/03/13
24ec8ee8-cc1f-4a67-8dec-bd44b283ee48,Alain du Diaz,referal,Qualified,2025/02/19
540ace34-bfeb-49aa-8b07-06ca10ae8fd1,Manon Dupont,E-mail,Qualified,30-01-2025
f1186e7a-733f-4a6f-a9a1-0d9a05bb6080,Bernard Guichard du Costa,referal,Lost,11-12-2024
4972ca20-2190-4edb-ac62-0f665176777f,Timothée Regnier,referal,new,
197de8b1-d61b-44dd-85f1-1959b3abaf81,Michèle Durand,social media,Contacted,2024-10-11
6a2ee9e8-f8c9-4258-bdeb-51fd54fd1c59,Honoré-Sébastien Mallet,Email,Qualified,17-12-2024
,Benoît Bailly,E-mail,Lost,19-11-2024
64ee8b95-91f2-408b-9eb9-9729cc39ce1b,Émile Baron de Carre,web,New,2025/02/09
4a74b5e1-5da7-44f0-a68b-1d14320f5e32,Audrey Maury,social media,Contacted,2024/05/16
6d1eb6fb-d81f-499e-b0fd-3956b65c2f9b,André Riou,Email,Qualified,25-06-2024
6d50f3e7-26db-40fe-a353-b00ab55bea55,Pauline Teixeira,social media,Qualified,2025-03-24
6b813e22-2827-47fb-9e60-3d8d98a8f810,Christiane Hernandez,social media,New,2024/07/16
b7b015a7-e682-4667-872c-de51db306558,Nicolas Devaux,Referral,,2024-12-29
85dbe1f6-4d51-4fa8-9961-adc310a716cd,René Bourdon,social media,Qualified,2025-01-16
f6361bed-5c4e-45a3-a3a6-6609f2595fad,Monique Henry-Léger,social media,Lost,2024/09/23
f62abb20-a82e-42de-a6eb-50279cea3670,Auguste Guillon,Referral,Lost,2024/07/13
89ce15a2-61a7-48ad-ae13-f392d175e415,Maryse Voisin,E-mail,new,2024/08/02
e82996b3-2ba0-45a8-9717-097dfc894f1b,Pierre Reynaud,web,qualified,2024-10-01
402af48c-ada4-4bf0-8307-c6527c557465,Honoré-Noël Guérin,Social,New,2024-11-13
a8cfd0ab-4bec-41ac-9093-610b6315597c,Gabriel Marion,Web,contacted,2024-05-08
0d6261f3-8a33-4fd3-8968-94b64102ebe4,Odette de la Delannoy,web,New,2025/01/27
b6e3c816-cd85-4361-8284-97fe854a4b54,Hugues Petitjean-Bonnin,referal,qualified,23-08-2024
481cf667-19da-4d7b-bb4b-5acea265d63d,Nicolas David,Referral,Contacted,2024/12/01
987861d0-1577-451a-ac88-f37337c807ff,Éric Fischer,referal,Contacted,2024-05-12
a7e91fee-c92d-4929-95e0-f913268e1070,Margaret-Henriette Daniel,web,lost,10-07-2024
fb5edae9-b833-40a6-a27d-7f51a0fb6a0d,Charles Gaillard du Legros,Social,lost,21-09-2024
a83481b9-f4bc-4def-ad86-0ff1b2652039,Marcel Guilbert,Referral,New,2025-03-30
c83c05f5-6994-4e03-a45b-e7195396c7ff,Thibault Bernard,social media,Qualified,17-01-2025
54cb5255-8c4c-412f-83d8-aac926fa4004,Arthur Muller de Auger,referal,Lost,2024/06/03
1701817a-0760-491a-a1b2-0e6fa2e7b4b3,Alexandria Meyer,Email,new,2025-02-15
dc87f0b8-1706-45b4-a0a9-598860365ae2,Michèle Adam,web,New,2025-01-22
ed5635a8-fbac-434f-b6b5-723126ba5961,Bernadette Imbert,web,new,2024-08-02
4fc4afe2-0d42-4fcb-a4a4-a490108adc52,Christiane Dijoux,Social,contacted,2024/11/12
bb2a9335-4a4c-4097-a802-14ac78c292dd,Claude Gros,Email,qualified,26-04-2024
9e4855bd-dcb0-4fcd-b2e0-a882ce633c1f,Zacharie Fleury,web,Contacted,2025-04-13
27fe61a4-5200-472d-b184-e3289fc063b5,Alix Daniel,Email,new,16-01-2025
bd56841e-f837-4d0c-9bf9-b608e078107f,Michèle Le Peron,social media,Qualified,2025-01-30
1803dbaf-fe39-4b5b-86cb-2917626deafa,Patrick de la Gosselin,web,Lost,2024/11/21
2adfc39c-20ab-4324-9b01-ac791b7b9fd1,Auguste Le Charles,E-mail,Qualified,2024/11/20
3a9e06d3-f216-44fd-a7f1-06e78881d87e,Pauline Bodin,E-mail,new,2024/04/30
5e19ad54-514f-4370-9bbb-a7a02cdb879b,Richard-Jean Faivre,E-mail,Lost,22-11-2024
fd887093-be48-4a6b-a1e2-18b4b42fa4fa,Sophie Boulanger de la Bouchet,Email,Qualified,30-08-2024
7d30b51c-c351-414e-8e48-294edfe520a8,Antoine Perrot,referal,New,2024/09/24
4a28dce1-b31f-4b5c-8616-d74823b7179b,Étienne Rodrigues de Lacombe,web,qualified,2025/04/14
b4c88180-168c-4c0f-8a8b-b0a3e62c5ef0,Marcel Bertrand,Web,Lost,2025/01/19
6937349c-f7d1-41c5-986b-efbbd5a029a4,Thibault Torres,social media,New,22-07-2024
ba5eb250-5397-4925-b957-9a7290bd5535,Bernadette Leclercq,referal,contacted,13-09-2024
1a2e6e37-cafe-47fe-9302-646717d2cf26,Adrien Martins,Social,Contacted,2024-10-27
d9cabe7d-a282-44fa-a0ab-3e0b4205dca4,Claudine-Chantal Gérard,Social,new,2024/04/21
9d68f3d9-edb5-46bd-ab5e-36dd9e9add66,Nathalie de Girard,Social,qualified,2025/01/12
d812b47e-777e-4de9-bf02-6c30b7629ec7,Sophie Morin,Social,New,2024-09-05
549fe456-e485-4017-8942-a8165cb35017,Christine Blot,web,new,2024-06-30
7f29a69e-48b1-46aa-af0c-6f0793415e84,Marcelle Lejeune,Email,New,13-03-2025
101d8e15-9dde-4625-b435-dc7cffccf126,Jean Pineau Le Legendre,Email,qualified,2025/03/06
a9e04d5e-fe83-4edb-9eb6-f8b7b2fe4734,Stéphane Marques,Web,lost,2024-06-03
ec64eda6-8cff-4bb8-b9f7-b0af9a32bb79,Théodore Bouvier,Web,new,2024/12/05
0fa55a77-fd3d-467a-85d3-c0d79e774063,Michelle Moreau,Web,Lost,2025/03/15
63c6bb64-20cf-46bc-9248-da8537176dab,Christiane Petitjean,social media,Lost,12-01-2025
0e03d2f6-18e1-4826-bbb3-017557102df1,Benoît Marchal-Menard,Referral,New,2024-04-27
0891807e-cffe-4499-b7d7-81ab8259de97,Gabriel Martin-Goncalves,web,Lost,2024-08-03
7afc1461-ecc0-41b4-bbea-a8ea6908843f,Paulette Lenoir,Email,qualified,27-12-2024
721d26a2-db5d-426d-abc7-69a58e1168da,Marcel Cousin,referal,Lost,2024-05-22
fbcba2e4-0daf-4dae-8209-a8a70e7f5bae,Anouk Robert du Bègue,web,Qualified,17-06-2024
bbd58ac5-9d33-4bf6-9035-717ce59ac8c4,Virginie Picard,referal,New,2024/06/25
86f5af42-fd4a-4fdf-8517-aab948a585ab,Marine Ferreira,social media,lost,2024-08-28
093043f3-72b0-4713-a1aa-9a6dd81d255f,Gilles de la Carre,referal,Qualified,2025-02-19
ce9b5f4d-7067-4faa-97bf-87ab92caa7b7,Vincent Girard,E-mail,new,2024/05/08
f36319e2-a06f-4903-a71b-f1bd3bb5e21d,Virginie Toussaint,social media,Qualified,03-05-2024
3a1927cd-88b0-457e-a1ec-294455a54a4a,Tristan Le Gall-Allain,E-mail,new,2024/08/05
48ccbf79-7cde-4129-a035-7bf53e8be5a2,Michelle Lopez,Web,contacted,2024-10-01
8efa4ccd-e657-4241-a6f9-22933547baeb,Françoise Thibault,social media,qualified,16-12-2024
f07167be-b057-44ac-a6f4-3debdc009158,Philippe Alexandre,referal,Qualified,2025-01-23
9514476b-ef55-4420-a036-14d3347bc168,Gilbert Parent-Chevalier,referal,Qualified,2024/05/12
5b26e5b8-230d-46d1-9d27-4d4fceb312a0,Juliette Roussel,Social,contacted,2024/12/26
,Lucie Lecomte,referal,,2025/01/17
06997342-f5d7-4ee9-94fc-c9013a392c0f,Lucie Bonnet,social media,Qualified,2025-02-03
6cfceb2a-91e9-459f-a770-35cab968e2ff,Capucine Baron,Email,qualified,
df157669-dadc-4e13-a29b-6715240d320e,Dorothée Pineau-Blanchard,Social,New,2024-08-27
fc9f31e6-fb50-490f-8332-18c468090654,Thierry Hoarau-Da Silva,Web,contacted,2024/05/12
25dc5206-a252-4c0a-8eb0-9fbc94ceefd9,Guillaume Becker,referal,Lost,2024-05-16
1e43d2b9-7944-46ba-b961-f06417630864,Marthe Fischer,social media,contacted,01-07-2024
3dfc79a5-7d9d-4b89-b07a-71456dd526df,Olivier Charpentier,Social,Lost,2024-06-17
57987c78-1aac-4e19-90e4-f295c91c253b,Bernard Gosselin,Referral,new,12-01-2025
ec0016b9-948c-4aab-9bba-3ea0cadcee97,Martin Vallet,web,Qualified,2024/12/07
01d4897d-6b79-48e7-bcc8-b74ce2a872bd,Virginie-Alice Lelièvre,Social,New,30-06-2024
5ef0d853-9ebd-4552-9ded-2282dd8b99ad,Capucine Rey,Referral,new,2024-05-24
a14f33be-3d96-4c33-8c32-80b006057709,Pénélope-Pénélope Leclercq,social media,qualified,2024/08/25
24055a69-19b4-478f-8b80-f31398569e9f,Aimé Leconte-Georges,referal,New,21-03-2025
7304926d-c231-4dad-a0fa-98275b10ac4e,Hugues Menard du Mace,Web,Qualified,2024-10-25
40ea4115-6538-4475-9b82-0a68093aa4b2,Daniel Poulain,Referral,new,25-09-2024
5d27666a-c691-48ed-821d-adce35595fdf,Martin Leroy,social media,contacted,04-07-2024
c69fe531-1049-45c6-a784-376c1c072ca1,Audrey Ribeiro Le Payet,Referral,contacted,2025-01-29
142e5ff5-ec5c-40a0-8a83-f25a311c20d6,Jacques Baron de Moulin,Email,Qualified,2024/06/10
1a46bc93-4596-456a-b6ec-49de7a1274b9,Joséphine Lesage,Web,qualified,2024-07-24
5eaaae6d-5d2c-410b-a7bc-843b2edffe45,Christine-Christiane Didier,referal,lost,2024/05/16
f990f46f-2eeb-431c-9fab-5713e69728df,Noël Hernandez,Email,Lost,2024/08/02
4b2910bb-1b04-41f3-abb9-a7ad14052ce5,Nathalie de la Raynaud,Web,qualified,2025/03/04
821c8311-7ca4-4212-b749-a96eab6a6e6f,Christophe Le Breton,Web,New,2024/07/01
2a5f1281-c1f9-4df0-9d8b-e70d85517035,Chantal-Renée Gay,E-mail,New,25-02-2025
b24aa14d-44fe-44ee-9baa-775d0ea50542,Alexandre Gallet,social media,New,29-11-2024
39a24058-e881-42c8-959c-8a7c8eabe1fd,Sophie Dupont,social media,Contacted,2024/05/13
f36c86e2-137f-4d47-a514-ca6878568682,Aurore Rossi,referal,New,18-03-2025
e2f89ab9-cb96-4045-a574-40cb43a50bf5,Lorraine Poirier,social media,New,2025-02-20
,Zacharie-Gérard Clerc,Referral,Qualified,2024-05-23
296a440f-abbc-4d01-b4a5-02d1f971da3b,Édouard Mendès,Social,lost,04-03-2025
f7e6a5e1-9546-4159-8c94-9e6e6adf32ec,Frédéric Meyer,social media,qualified,2024/10/06
4ee47b02-a261-43bd-8c0c-b31c2a4e1acc,Alexandria Louis,Email,New,30-10-2024
4dfb95bb-3573-4c42-a5e8-6a7a93f825c2,Pauline Guibert,social media,qualified,04-08-2024
5214c4d0-95ac-44cc-9f35-b111f551de2b,Étienne Fernandes,web,Contacted,13-03-2025
79122746-ba61-430b-b301-171d51b3b87f,Lucie Diallo,Referral,qualified,27-06-2024
c23dbf55-6946-4b4a-a3f8-64ba285c81b3,Anouk Gillet,referal,new,07-08-2024
c2822d2a-3dc6-4fb6-816a-33718c63f503,Chantal Renault,web,lost,04-09-2024
ac49aa53-b9df-49ca-895b-b9b3e92ab319,Christiane Perrier,Social,new,2024/05/03
80d42e54-3a91-457c-97c1-868052a6a856,Marthe Marty,Referral,Lost,14-11-2024
92508d82-fc26-4a31-9691-1e98800b137f,Capucine-Anne Vasseur,social media,Qualified,2025/04/14
af1dde8b-758f-4e50-b8c3-d137448e3ce8,Guillaume-Thibault Verdier,E-mail,Qualified,2024/08/31
8e0bcc04-f814-470e-9dab-291dc91dc8e1,Frédérique Fischer,social media,Lost,2024/12/09
1adbc816-d0cb-472e-85e7-3f91c24634e5,Arthur Hubert,web,contacted,2025/03/24
d1fc35a4-886c-4ba3-8e16-648e0dfe4e16,David de Lemoine,Web,Lost,28-05-2024
6d419f1c-c502-4a4f-95c2-c640dae7a549,Tristan Sauvage,social media,New,2024/09/27
176b8970-f214-43a1-9b41-0d9723af3aa6,Susanne-Emmanuelle Potier,referal,lost,2024-05-26
cb2428c2-25e3-4ea9-87b5-9fd2a3ad5f1a,Jeanne Carpentier de Meunier,social media,Contacted,04-10-2024
242b6794-ce91-42f2-ae98-0ecf536b00cd,Brigitte de Lefèvre,E-mail,lost,2025/04/03
da73ed50-cd35-45f4-888f-0afd71cf8582,Valentine Sanchez de Hamon,,Contacted,26-07-2024
46231597-097f-4eee-8aad-e55d85dbb9a9,Roger Vincent-Boyer,Web,new,2024-11-14
691bb5ed-68ba-4665-a16a-858feeb2610b,Astrid Gomes,Email,qualified,13-03-2025
f39ea0f2-3f85-49c7-9f44-63a0357733f8,Colette Rodrigues,referal,Contacted,2025-03-24
3dabb376-c545-4206-bddb-5192e03a6cda,Françoise Collin Le Becker,web,contacted,2024-10-01
914073d8-447b-48d0-9978-941f92b0c4c7,Martin Alves de la Garcia,referal,New,05-09-2024
8627bdd3-8eba-4a88-85e3-fb234cf3b903,Anastasie Bigot,Referral,lost,2025-04-03
76990c19-5e43-4d81-a678-63e2365dacc3,Aurore Lejeune de la Peltier,web,contacted,2024-12-23
de6af8b3-0e93-4787-ae93-cd309e8e458e,Valentine Gaillard,Email,New,26-09-2024
2fb892cd-5d4c-41ee-a0ee-37829b23c9b9,Christophe de Marion,Social,New,2024/12/12
2577cfa0-6afa-44c5-a7a0-9bdaa69fb357,Christiane Leblanc,E-mail,lost,18-02-2025
11c1ae82-02e2-4f68-bca4-95a8089476fe,Alfred Richard,referal,Qualified,2025-03-15
79c02999-0bb5-447e-88c5-03fd8cc08da3,Corinne Dumont,Email,New,2024/06/13
4ff8ab63-ade5-4a08-a084-80387a9e3e4e,Margot de la Andre,web,new,2024-10-27
814bc74b-5598-4ee1-a0b0-7cce8397b92c,Claude Peltier,Email,Qualified,2025-04-14
0d98f784-45ea-4cf4-b48b-19f67bc3c47e,Hortense Gimenez,,lost,18-09-2024
b19e2107-fd78-4dd0-bab8-0404e9107e52,Sabine Pineau,Referral,Lost,2025/04/05
dfff67ad-303f-46b5-ad01-a254031eacd7,Élisabeth Pichon,Email,Lost,23-11-2024
79bcc938-efe8-4d94-a7a6-871dd122d40b,Roger Fournier,referal,New,2024/07/05
1f5d27e9-e182-43b1-b17f-ddbb68a41bbb,Jeannine-Océane Traore,E-mail,contacted,08-09-2024
2fb17027-1694-4ec5-8874-2d06d3711145,Jean du Laine,E-mail,Contacted,13-06-2024
a3cce8b4-326c-4065-aca2-ad11f516470f,Laetitia Raymond du Da Silva,social media,Contacted,2025/04/12
0c7952cb-4e5b-4424-b85c-9e818acac467,Clémence Mallet,Referral,qualified,2024-06-11
3b48557e-ad0e-40b3-9e5b-b2f49fdb874f,Marcelle Ruiz,referal,new,2024/05/16
7942ed9a-da9d-465b-89ee-7ca5456c27fd,Sabine Couturier,social media,New,2024-08-09
90f29aaf-bb7d-4c0c-91f0-a49656b8d540,Charles-Philippe Regnier,Referral,Qualified,2024-07-15
b8ec8273-c1ea-4204-83f1-0a09610af755,Richard Blin,Social,lost,2025/03/03
86264725-faa5-45f1-abe7-9f89869e7a40,Théodore Samson,social media,lost,2024-07-01
993182bd-7058-4440-850b-e25e2a8bbb69,Lorraine Klein,Email,Lost,2025-01-24
10a66fe0-de20-4426-83f9-3fbd86db08be,Marthe Monnier,E-mail,new,2024-06-07
b5a51112-d5bd-48ad-95ec-dedcd0925502,Théophile François-Toussaint,E-mail,lost,2024/06/27
59ef1808-f14b-4d7c-b6d7-09cec39b3a9f,Christine Lebrun,Web,lost,2024-04-28
de08ff93-c257-43cf-870d-269ee6ac03a8,André du Bourgeois,Web,lost,2025-01-27
0cfb3279-68dc-4a83-9e7e-fc0a79c0e8ad,Noël Paul,social media,Qualified,19-10-2024
f61c6fe9-32ec-41aa-b42b-01760e5ce39f,Daniel Noël-Weiss,Web,new,27-08-2024
c5ea94c7-803b-47e7-ab6f-997ddff961c2,Thomas du Guillaume,referal,Contacted,03-05-2024
9fbd994a-ddf9-4f87-b4d9-a1a832754c3a,Pierre Barre,web,,2024/11/07
77262aa0-6ddc-4fbe-9d83-9d94bc11fe6d,Frédéric-Thomas Jacob,Referral,New,2024/04/26
9e8e9235-af56-450c-80fc-de834abf9779,Inès de la Michaud,E-mail,New,2024-06-10
a61a467c-af9f-47ed-8c6e-9bddbc5ab867,Matthieu Foucher,Social,New,06-04-2025
efc49028-6ef0-402e-81a4-89ac510ea0bb,Théodore Cousin,Social,new,20-01-2025
f367f96a-fa0f-43f8-b6f8-31def861017a,René Gros,E-mail,Lost,2024-11-04
63ca7157-ab2a-44d1-acad-4c0803429bdd,Marie Guérin de la Clément,Web,contacted,2024/12/01
4687a57e-c4e3-43b6-a2c7-75f91f2c6a70,Roland Cordier,Email,qualified,2024/10/09
03ff2305-c754-4893-b351-27d3ff5d12b4,Jeannine Michaud,Web,qualified,22-02-2025
6399398d-ba3e-4e3f-8c5c-913acec25fdc,René du Collet,Email,qualified,16-09-2024
e5fad740-0f91-4695-9399-69d6d67d9ba4,Capucine Picard,Email,new,2024-10-10
,,Web,new,14-03-2025
832abcee-f463-40fa-91e6-79d3de1430d7,Dominique Dumont de la Joseph,web,lost,2024/05/13
7b8a23a5-251d-4af6-b7a8-c8b868c8fdcc,William Ferrand,referal,Lost,2024/05/27
1e742e8e-a414-4c6a-b48f-f43b48e23369,Maryse du Rodriguez,referal,New,19-07-2024
8829a9c2-34d0-42bc-a71a-57593ca48bf1,Bertrand Maréchal-Didier,social media,Lost,2024-06-26
3c10f3b5-08e8-4acd-8c00-890394b352dc,Christine Bazin,web,new,15-08-2024
0f1ecdb9-de35-4890-bdc7-d8fda44ba6e9,Joséphine-Célina Pages,referal,contacted,2024-12-11
16198e74-f937-4ecd-9b96-cb75fb9ec20f,André du Léger,social media,Lost,2024/08/23
9971c025-f028-4993-a5ab-fb655dfc6483,Timothée Petit,E-mail,New,2024-07-03
2b467c82-de33-43c2-9d31-dbfe59c8097e,Jules Martel,E-mail,contacted,2024/12/25
da7f0a7b-08ba-4a08-9f6d-2da3dd840a88,Élodie Blin-Normand,Social,Qualified,08-06-2024
6a640b55-27be-487a-a89c-9be9d38b747b,Adrien Leclerc-Vincent,referal,new,27-10-2024
3bec9070-c0de-440b-9b16-aaa8813cd0ea,Anouk Clerc,web,Qualified,2024/09/24
ba3636e3-25c6-4c8a-8298-8746c96bcd8b,Laure Valette du Roussel,E-mail,new,13-06-2024
a56d9b90-5a58-4486-aa02-96cda1781dd4,Chantal Lemonnier,Web,Lost,21-06-2024
d3844b98-c81f-4cfe-b09c-43cf30563e0d,Zacharie De Oliveira,Social,lost,2024/04/29
8a12d261-0d2f-44a9-b2fd-26cfd37410c5,Éléonore Potier Le Antoine,Referral,lost,20-07-2024
fc2a9599-146f-430d-ad01-3dafe4ac1f54,William Simon,Web,New,2025-03-17
5986dca2-1820-452c-ba16-b9782b8a6340,André de Carre,E-mail,new,2024-05-09
69ab9b4c-d7d6-4ed7-b580-4b152918d4eb,Nicolas Camus,web,lost,15-11-2024
d39a9b63-2b31-46bb-99f2-3c17f158d6b0,Jeanne de la Payet,Web,qualified,2024/07/12
41aedc7f-5f81-4674-aff8-288746907258,Vincent Rodrigues,Referral,Lost,2025/02/06
a8ffc0d5-ab57-4b90-b49e-dc9abbba2274,Olivier Bazin,E-mail,Lost,28-10-2024
63676dc2-ecfe-426c-9c1b-edfa8452a05a,Bertrand Chauveau,Email,Contacted,02-08-2024
6a477618-79a1-44f9-a8fd-b354f40cf8c9,Philippine Maillot,Referral,qualified,2024/10/05
6c93220b-7a4d-483a-8583-4954d4d413e7,Arthur Lagarde,Web,lost,2024-07-25
37f49241-689d-4cb4-9ee5-9239e1d2eab2,Andrée Potier,web,New,11-06-2024
15196e3b-2ff0-4241-88a7-5792106d3a06,Laurent Gilles,referal,Contacted,2024/06/03
e02650ac-4376-455f-9a2c-d3531f3c2d39,Alphonse Letellier,Social,contacted,16-09-2024
56603885-5255-4e9c-887a-7ae7f5536105,Éléonore de Laurent,Referral,new,2025/01/08
10775b9a-c1ab-4ce3-8135-16e4929c3a32,Grégoire Fleury,Social,new,2024/09/04
fcbc0fe7-18c9-4fae-a015-2f951fdabf04,Manon Cordier Le Hoarau,Social,Lost,16-02-2025
26f693bf-9fe6-4dda-80a0-174e76f86881,Pierre du Raynaud,Social,new,2025-02-26
cdcffc3a-3c08-4045-926f-269284aa38c3,Thomas Hubert,Web,new,2024/06/22
3e6c39e3-d6fa-4df7-bc4b-7ef2c0bd6e84,Sabine Besnard,web,New,2025/03/10
917a96e3-8d1f-4a9b-98f8-e8de0647aa0c,Emmanuelle Léger,Referral,new,13-06-2024
10fca127-c630-400b-b177-c10d5aa4d3bd,Anne Rivière,referal,Lost,01-07-2024
8026e6c2-5119-4bd7-b53a-6532cf64b9c5,Bernadette Potier-Barbier,Email,new,2024-06-03
c28eaccc-ebf8-4a8d-9fc7-f1d35f97082f,Christiane Aubry,social media,lost,2024/11/21
dc6b6424-3fec-4b65-9e70-a5b0938374ff,Philippe Georges,Email,new,2024-06-04
1a24df79-c26f-4a01-835c-8f82343dfca1,Bernadette Berthelot,referal,Contacted,07-11-2024
c526123a-4f07-4246-86d6-86c4f513c9d5,Bernard Boutin,social media,new,27-06-2024
a91bb0e5-10c4-4235-9d91-ddbde318baf5,Léon Rivière,Referral,lost,2024-05-07
a38670e6-b2cf-43bb-aba3-8e8f971ac8ee,Marcel Blot,social media,Lost,02-06-2024
2307ef8e-c992-4d3f-b510-43a00c6c4036,Nath-Sylvie Da Costa,Social,qualified,18-04-2025
981cbc9d-b456-4342-9c31-706f6b1c60a6,Sabine Gros,Web,lost,2024-04-27
c8511e32-9245-4222-88c0-0d79319a0c35,Bernard du Rey,referal,contacted,2025/01/23
b20c44fe-3713-4fbb-ba0f-d617980e7649,Richard Huet Le Étienne,web,Contacted,2024-10-06
8ab51c90-078e-4625-9382-08ca4fdee8ac,Sabine Ribeiro,Social,qualified,
71487a66-7db4-45f8-9558-3d717cd3d2aa,Hugues Daniel,web,contacted,2024/09/24
b0c924a9-9343-41c4-858b-ed504ab30118,Jeannine Huet,Social,Contacted,2024-06-16
c77d367e-4304-4628-b69d-297b26abff6e,Nathalie Rey,Referral,qualified,29-05-2024
a2640789-f0a1-4322-88be-9cf7cf5b5114,Isaac Rossi,referal,New,2024-12-05
96207e0e-007f-4349-aba3-6ccc9cec2e90,Élodie Fischer de la Chevallier,Web,contacted,2024-07-05
995e2d90-0d51-4457-b23f-c3204063fe9f,Martin Barbier,Email,new,25-04-2024
2290314d-832d-411a-8865-91ead01a3890,,Email,Lost,2024/06/13
35156681-c463-4518-b353-802511fe14e2,Cécile Girard-Mercier,E-mail,Lost,2024/12/29
f9b30d7e-9d50-4d72-91ed-d06f8594f46e,Isabelle Traore,Web,Qualified,2024/07/06
48e36597-2ec9-4f9c-a013-b128b1c137b5,Capucine Le Goff,Social,New,30-12-2024
f2d6040a-8e9b-4438-9773-7d0a2993ffbc,Noémi-Thérèse Rey,referal,new,12-12-2024
c1527fe9-1a67-4011-b09f-07120f75d6a7,Sophie Merle,web,new,2024/06/25
f1f213b5-1a2a-4b4e-8529-89bfd6c246dc,Dominique Lemaître-Weiss,Referral,New,2025/03/19
750084ae-0989-4f02-8019-080888bdeda5,William Rolland-Perez,Web,new,2024-11-26
c964a565-ee62-4b17-a93d-f3c4053a561e,Marthe Techer-Pons,referal,Lost,2025-01-15
9e61e5f8-64fd-4d7c-86b1-c620365190c7,Renée du Maillot,Social,Qualified,08-01-2025
7947d846-983c-4431-90dc-7ed78cc969de,Benjamin Boulanger,E-mail,Contacted,2025/01/20
ec837ad2-496c-485a-bac0-12bfb165d9a7,Xavier Lucas,social media,Qualified,2024/12/30
9ed4984c-0a21-42dc-be3c-831ea0d2f46a,Michelle Ollivier,referal,contacted,2024-10-11
cfc6f8bc-cf04-4e5a-a6cb-2b7ce09657e4,Alfred Rousseau,Social,Qualified,2025/01/22
6a3e4af6-3bfd-4d24-b1df-e8eb52366e9a,Anastasie Lenoir-Verdier,web,new,2024/10/02
e9c28708-503f-41c6-b87f-8b7d45fd3569,Richard Schmitt-David,social media,lost,2024-05-27
69bf6d6b-7d33-48a0-b80c-b9f58a17f0fa,Audrey Goncalves,Email,Contacted,23-03-2025
ec8ef28d-44d4-42e5-9254-3531c8fbbbc5,Auguste-Arthur Lemaître,web,qualified,2024/07/12
9d9a4c4d-f792-4a8b-8088-b8d0a1b41d82,Denis Boutin,E-mail,new,26-10-2024
71d19595-ce0f-41c3-8e6f-35d5b99d6c74,Léon du Colin,Referral,Qualified,08-05-2024
a5448c20-68d0-4288-b749-1a01f8fc1026,Paul Marchand,Social,New,2024-07-27
7449ace3-474d-472c-a3b8-85d5f518419d,Roland Blin,Email,contacted,08-02-2025
428d92f6-7877-4b1b-adce-6030f3866294,Agathe De Sousa,web,Contacted,13-05-2024
9741ed2d-3b9e-428a-a528-0fd36e87793b,Joseph Lucas,referal,Contacted,03-10-2024
ceb5fa50-ac9c-45f9-98e7-2614ad15da65,Margaret Jacquot,social media,new,2024-12-19
eeb050e0-56be-4c9c-b216-be3f71b172c3,Odette Chartier,web,,2024/11/03
d693819b-29a6-48de-9c63-10691f663424,Alfred Pelletier,web,Contacted,2024/09/27
510822fc-afb7-454a-9215-60a9d6fa61f4,Jacqueline Rousseau,social media,,2025-02-03
7b6f9b63-0539-4175-8085-8b60aa01e668,Eugène-Thomas Valentin,Referral,qualified,2024/07/06
e2e8604b-286a-47ff-b569-726a87e2f9ef,Adrienne Ollivier,E-mail,Lost,2024-12-27
b7bc35ed-9b22-4078-9c88-4d5de76e6d65,Gabriel Le Legendre,E-mail,New,2024-12-27
2acf23ba-4938-4285-ad15-5a91d030b472,Roger Le Deschamps,Email,lost,2024/11/19
3f353e4d-2126-4dfe-bcbe-df0fe6e12bb7,Richard Pruvost,Referral,Contacted,22-04-2024
10008d0c-78b3-45b3-be6f-fd8918d39ccd,Louis Renaud,referal,,2024-10-24
b077cacd-135f-4b2c-b0b5-ab0b866cab22,Richard Perret,Social,Contacted,2024/11/06
3e2415e0-cf49-431e-967f-a486cf552ad0,Frédérique Mary-Pottier,Referral,contacted,2025-01-16
57f3224d-ba6b-4015-adfc-6a45d7e65f12,Étienne-Guillaume Techer,Referral,new,2024/08/25
b1f933e0-7fc9-48ee-85bb-3ac1f0f80adb,Daniel Vaillant,Email,New,06-08-2024
c2069217-37d7-4019-8f19-3b980e2f5695,Julie de Tessier,referal,,18-11-2024
c877619f-76c3-430a-87a2-ad96e0ba63a0,Gilbert Bonneau,E-mail,qualified,2025-01-28
9140df77-17b6-41d5-a05b-89bff610e5e4,Bertrand du Vasseur,Email,contacted,07-06-2024
53a0188a-312e-473b-bd65-abbe3baf5a24,Roland Boulanger,Web,lost,08-05-2024
23f26d65-f6c1-4da8-aa0f-843e9d8a168d,Gérard Le Maillard,E-mail,New,28-04-2024
dbe94e22-f7a4-46b4-9d27-1ef5acd02d93,,social media,Contacted,2024/07/03
8570a421-adf5-4e12-b21d-011135c5260e,Emmanuelle Laroche,Email,Qualified,29-12-2024
863c37ee-bed1-41aa-9393-7e993ad17bfa,Isaac Dias,Referral,qualified,2024-06-19
cf103627-d4cd-4c23-a106-adc59ccee36e,Maggie-Camille Mercier,Web,Lost,2024-08-05
0316365c-8947-4541-8478-d249f4421c2d,Margaret Mercier,Referral,lost,2024/08/31
4630bd73-7cf7-458a-a918-d401579ada18,Madeleine Lucas,Web,Contacted,2025-03-12
766d262f-2ed4-403e-a0eb-1a02fe5572ba,André de Legros,Email,contacted,2024-07-20
09c48fe8-7694-43a7-8b04-6f856437f578,Rémy-Olivier Lopez,Referral,Contacted,2024-08-10
e9b95c68-87ca-41ca-a3f9-d5d1d5af83c1,Grégoire Laroche,Referral,Contacted,14-11-2024
1bd76032-9c03-43cf-b8b8-0e95e5d06000,Claire Legendre Le Lombard,referal,Qualified,2024/07/31
321343c5-36e8-4e27-ac08-4a717162f8b5,Victoire Leleu,Referral,New,07-12-2024
82a3b897-3d52-49ff-a206-a6389280c5dc,Gilbert Valette,web,qualified,09-10-2024
3e659bf9-1d0c-4c18-8a6d-e01bc8c9c84b,Eugène De Sousa,E-mail,Contacted,2024/10/01
4536012c-ea98-4c73-82cc-2051dc675c06,Catherine-Capucine Gallet,Referral,Lost,2024/10/26
0576e224-77cb-4a07-90a7-7c039844d96a,Susanne Delorme,Social,Qualified,2025/03/31
376ba534-72a3-4113-aca6-5d08d8654c51,Alain Bodin,Web,Qualified,2024-05-08
be588941-7cec-4e38-ac5d-15dfbb4ff325,Gabriel Briand,E-mail,New,2024/06/21
e813ae0a-2e9b-445d-9d88-d31ad20b6570,Michèle Vallée,referal,contacted,2024-11-06
9058ceb3-ffd7-46fe-9264-1cd048454f6e,Gérard Gérard,social media,new,2024-06-06
386f2044-1deb-4657-92fa-0d852242c878,Dominique du Chauvet,E-mail,qualified,2024/12/22
8e0cd43d-1169-4c9a-bef4-1f68e94dbef0,Philippine Martinez,Social,lost,2025-03-26
cb760244-9da1-4db3-83b6-418d78e652fe,Augustin Blot Le Costa,Web,contacted,2024/06/18
ec8c40ab-16b6-4e61-80b4-362ac4b5d457,Marianne Traore,Social,Qualified,01-11-2024
4181fd54-a30a-43e7-a938-9142f4a82a75,Françoise Pages,social media,new,2024-09-16
fa467b42-8231-4e08-b725-20689109be91,Thomas Morel,social media,qualified,2025/04/17
df4f010e-bad3-4d3f-b31b-1837596b4201,Aimé Marchal de la Cousin,E-mail,new,2024-10-27
2ec51d2a-91ef-47f2-8930-dd0fd77872a2,Alphonse de Lecoq,web,contacted,07-05-2024
9544a836-9f48-4617-b9a3-ea64789b2418,Grégoire Monnier-Lebon,web,lost,2024/09/03
96fac66b-3971-4426-9e6f-7384124f6f60,Noël Martineau,Web,,22-06-2024
4cec3727-d488-47a6-b468-bf1d63606620,Jeanne Foucher,Email,Lost,14-07-2024
51233a13-21bf-43b8-a01b-f8779d6680f0,Audrey-Sabine Dias,web,new,11-03-2025
e6abad24-b6d8-45ad-a740-cf86078152e6,Olivier Perrin,web,new,2024/08/19
73dba4c2-2398-40a5-9f4a-22a12f9e63b1,Olivier Boutin-Renard,referal,Qualified,2025-01-26
3317f584-69e1-4e25-a927-932c23ae9eb9,Pauline de Bigot,Email,New,2024/05/30
,Élisabeth Maillot-Laine,social media,new,2024-05-28
1840eb43-81c4-4ad1-be00-a894c956add7,Joseph Brunet,referal,lost,2024/08/11
032f695b-5218-4f4a-bb4c-d442a4d2a25c,Hugues du Weiss,referal,lost,11-11-2024
2d8dac3e-4f88-4252-9dce-9f5c362c409f,Bertrand Fischer,social media,new,23-03-2025
a6d0a8dc-f5fa-4b11-a17f-9fa73339f168,Thérèse Maurice,social media,New,19-02-2025
f638d4be-4f58-48f5-9776-bca2651a8fe9,William-Alain Lopez,social media,lost,23-08-2024
7cd62be9-91a9-46a0-9594-e26c752dd548,Madeleine Vasseur de Leblanc,referal,qualified,2024-06-23
f5403adf-b5fa-495c-bc3a-9c6729a665be,Aurélie Masson de Potier,referal,lost,2024/10/16
574b3c27-59db-4350-af52-10454e147c15,Luc Lemaître,,Lost,2025-02-08
2df39885-027b-4918-bc97-d495d3d5d0b3,Alexandre Briand,Social,contacted,2024-11-12
58d40871-ca6c-47bd-a7b6-3249bfbcf007,Étienne Barbier,Referral,Contacted,2024-05-07
05ac5b6b-d560-4096-a2cc-bf4f4da1e3ea,Édouard Caron Le Turpin,web,lost,2025/04/02
2811a218-42f8-46be-8275-734bd32e6fc6,Lucie Le Rousseau,Social,Qualified,17-05-2024
234721a4-7b89-4db1-a74a-1e0d337fcb6c,Jean Lefebvre de la Blanchard,Web,Contacted,23-01-2025
87238fdd-05a1-4387-9895-a1cc0daca2e3,Simone Breton,web,Qualified,13-06-2024
39e77b6d-91ca-48ea-a16a-ffea109d31cc,Léon Seguin,E-mail,Lost,2024-08-11
4e708e67-6000-4abb-a94c-d1cb46d8030e,Benoît Lefebvre-Marchand,web,Qualified,2024-12-02
ed2cb08b-e1e9-4802-bd1e-b0481db6e10f,Alexandre Thibault,Email,Lost,2024-10-25
eb207090-576f-464a-a725-e6ea6f8973e1,Frédérique Le Teixeira,E-mail,lost,2024-06-01
f6cc2116-ea88-40de-b3b3-990ca4d86df6,Pauline Dufour,Web,Lost,22-04-2024
2c07b4d4-9840-4cbb-bd91-ca4685599fe6,Virginie Chauvet,Email,contacted,01-07-2024
2c9e6bc3-368c-41f6-8e6a-6f5840314741,,E-mail,new,2024/07/29
9fe5d47e-80b6-4f18-a6ef-66372401fb3f,Charles Pons,Social,Lost,2024/09/01
7a53bfc6-7751-4723-9866-a68e0f9d1d8f,Laurence Sauvage,Web,Contacted,12-03-2025
a507260a-386e-4f1e-884a-11d859085502,Marc Lefort,referal,contacted,
83df63b9-c090-4dbd-9832-e10bb1bf5ae2,Joseph Albert,Social,Lost,2024-07-01
b9f90786-4fa0-40f0-adab-99296d6a85dd,Xavier Raynaud,social media,qualified,29-01-2025
1da14ab0-01b5-42aa-8f62-01bd6ad43993,Alexandre Moreau,Web,Contacted,2024-07-08
dd09be4d-f634-48c3-854d-32b890f3c6d2,Chantal du Chauveau,Web,qualified,2024-05-10
67ea2ce7-716c-40fd-8ea0-cbc3abc68d57,Margaret Collet,social media,Qualified,23-03-2025
09a81024-e53b-4788-89f0-9b28f3c7ed5d,Camille Daniel-Dubois,E-mail,new,03-07-2024
11475733-299c-4502-bd95-deaacd791619,Emmanuelle-Alexandrie Le Gall,social media,lost,2025-03-19
045d2151-c9b7-4e47-8e28-2dbd1784e70c,Lucy de la Coste,referal,Qualified,2025/02/11
b61c7ba2-b690-4731-8462-d8576860c7e4,Marc Barbier de Dias,social media,lost,28-10-2024
4e0c637f-8cec-4c05-9a2c-17bf3b608229,Daniel Brun-Roussel,Web,Contacted,07-09-2024
ca0a2ef1-3b0a-4a46-a428-6c13c3bf1873,Eugène Texier du De Oliveira,Web,new,2025/03/14
59bbb2d4-a0e0-426f-a483-844e80f977f7,Gérard Guillou,E-mail,Qualified,2024-05-25
79298621-481a-43cf-843c-041557cb34d4,François Fischer de la Imbert,E-mail,new,2024/12/09
534ce352-f541-4562-9b36-53be9973786e,Marthe Bouvier,web,new,19-07-2024
3aa89914-877b-4207-979e-7e7fc9fe5dc3,Alix Nguyen,E-mail,Lost,2025-04-06
40a1d50f-ee10-4449-b1d8-aa2f582ee2a0,Étienne Bruneau,social media,new,2025/02/28
78b0f373-e5ce-4963-bf36-e60f07bb26aa,Gilbert-Gérard Rodriguez,E-mail,lost,2024/11/25
b0aa7c2d-21d5-4174-9195-67ba7c2796bd,Éric Chrétien,E-mail,Contacted,2024/06/10
c5b8499e-1f99-4a8f-af81-0a22ef915829,Georges Potier,Referral,lost,01-02-2025
021c603e-a819-4fe5-a484-e2c673ec0847,Denis Couturier-Gilles,referal,qualified,2025-01-12
f947021f-8064-4864-8679-f3132353c97d,Thérèse Lopez-Potier,web,qualified,2024-06-27
6f0f4cea-bcb9-4301-acd2-5e1efed5a765,,referal,Lost,01-09-2024
d8bb28a4-6c68-4a65-8fa6-33642391d054,Alexandre Faivre,web,new,2025-03-08
e0fedaec-1bf7-4bd7-8988-b8b5863508e8,Léon Samson,Web,new,2024-11-30
7ee493e1-b0f8-4cfd-a88e-7422e8e8c41d,Susan Marques,E-mail,New,30-06-2024
8ca13d5a-3e02-41a5-a3b6-1830e4cd89e4,Élise Chartier,social media,new,2024-12-22
ec9630e2-349e-4ebb-b874-a81f7bfe7c24,Lucie Rodrigues,Referral,contacted,2024/06/02
,Corinne Roy,referal,Qualified,2024-11-03
04f17577-f0e7-4d46-aa31-6826b83f0768,Frédéric-Louis Marion,social media,Lost,22-05-2024
4b74ff70-bdca-4cc9-b743-ebf17062ab3a,Franck Lenoir,E-mail,Contacted,2025/04/05
a627a2a4-f3e4-4076-8226-368c0d9278fd,Renée Marion-Blanc,Email,contacted,29-11-2024
0db679d2-85c2-46fb-9527-2a55fd4378db,Caroline-Thérèse Ribeiro,web,Lost,2024-08-19
b6c00667-2184-4019-b3a7-d51e5440e276,Margaud Diaz,web,Contacted,2024-07-04
e39c36c5-027f-4518-9c3c-20787eed6da9,Gilbert Masson,Email,Qualified,2025-04-09
3353ed7e-bc1e-40ed-ac5c-63f808ab87e1,Léon Leleu-Leroux,Email,qualified,22-11-2024
1428c8cc-f02e-4f11-8952-940960d29cbb,Louis Texier,web,Lost,05-06-2024
0ca87105-a6e6-4302-b8b3-84387da1fe1e,Robert Valentin-Rey,Email,Contacted,06-01-2025
39560828-ab90-4a8a-922f-2e2fb8966ac0,Josette Blin,referal,qualified,26-04-2024
b640e7d2-6e8b-48a9-be6f-bbfbce29d1a3,Stéphanie Sanchez,E-mail,new,29-09-2024
7d484435-98e4-4f1a-84f5-42a38716cc42,Théodore Gilles,Social,contacted,2024-07-13
134c686b-07b0-4154-99ce-831512736fbc,Augustin Allard,referal,Lost,2024-08-31
02e347c5-4584-44d7-9a40-2203f5c1cd98,Véronique Chrétien,web,new,2024-07-27
ded97a1c-7c6d-4332-8419-a1ff49565e62,Frédéric Berthelot,web,contacted,2024-05-21
18f61454-7f3d-4a4d-a59b-1ec4b1fca753,Juliette Guillet,Email,qualified,08-08-2024
05b4581e-e8b6-478a-a1f6-1e9f99dcef9f,Édith Berger,web,Contacted,2024-06-12
3c15f854-33ef-468c-9eba-aa6886a2062b,Jeanne Chauvin,Referral,Lost,2024-06-13
54af1a28-b15e-4798-8653-09bf32e46e4b,Noémi Fernandes,web,Qualified,12-04-2025
0cd7f330-b00f-48eb-8c28-d965ecebbaea,Danielle Collin,Email,lost,2025-04-08
9a754325-e906-4c4a-9180-384568029e40,Charles Rossi-Wagner,referal,Qualified,06-09-2024
,Victor Roussel,Referral,Qualified,2025/04/18
5e946153-245b-4c61-af76-0f328564b0a3,Théophile Pelletier-Perrier,referal,contacted,2024-07-10
adf7f5ad-f10d-4faf-838b-bc0394bbc2d1,Victoire Carre-Lemoine,Web,Qualified,08-06-2024
4ac58630-ba85-44f9-b42f-767c41199cb6,Andrée-Émilie Adam,Web,Lost,2024/06/12
95b9d167-c474-4f84-8143-bee062db78bc,Lucas Louis,social media,New,2025/03/24
4cacd39b-4132-4f13-8e9d-a559ea5b3bcd,Françoise Robert-Deschamps,Social,qualified,31-05-2024
5edc808e-d8d2-4e93-84a8-7855e83205ed,Jean Bègue du Dubois,E-mail,new,2024/05/15
7416be41-a30c-4fdf-b9b7-136398790d4b,Denise Courtois,Referral,Qualified,2024/09/16
a45a9355-5124-4597-bfce-5136fd11892a,Océane Rousset,referal,Lost,12-11-2024
7dcb8f05-ca1e-4c0d-860a-4082fff4bad5,Honoré Le Grenier,web,Contacted,2025/01/10
d4fb892a-7591-477f-a8fa-cc7ebeb6d65e,Alain Barthelemy,Social,qualified,2024/05/28
6883459d-05af-42d9-8347-d4d17540b626,Margot Morel,E-mail,qualified,2024/06/23
2258b2d4-79f0-4cf7-8da8-ba166d6a3d71,Eugène Garnier,E-mail,contacted,2024/07/28
4b115beb-ae4e-4e13-a981-543ce2e52ae1,Alphonse Fernandes,Email,contacted,2024-04-22
5bbabf08-6500-4370-b22c-9b2cea70c3c9,Philippine Delaunay,social media,New,05-02-2025
14a4482a-85ae-4c4d-995b-99dc74846490,Henri de la Gosselin,Referral,Qualified,2024-08-11
f01a823d-76aa-43ef-8560-e2e8b1734d0c,Monique Letellier,social media,Qualified,2024/06/22
b2a04e52-b4c4-43d8-a590-67cc3b5cf6aa,Nathalie-Odette Maillet,Social,Contacted,23-07-2024
f7de7324-e6c1-4be5-8cb3-4480724b0f18,Célina Vidal,E-mail,Qualified,2024/04/20
5a7df488-f571-4955-82cd-b371d6e23074,Virginie Mahe du Leduc,referal,lost,2025-03-13
c92ed274-f835-4c78-a44e-33f2b8b20c41,Antoine-Gilbert Legendre,E-mail,qualified,2024/08/31
6558ea8c-07cd-4010-8e78-80efea3f17d1,Danielle Lévêque de Bouvet,Email,lost,2025-04-18
ee8e46dd-aa89-4fc1-b014-fe489a90ebf3,Benjamin Perrot,web,lost,2024-12-30
f872bb94-57e7-4a4f-adc7-13545f837ce0,Thibault Blanchard,social media,Contacted,2024/10/11
a156567d-1fdc-4976-8e1d-a4f2ab237095,Luc de la Poirier,Web,Lost,07-01-2025
b507444f-c5a6-4ebe-82c1-8f328c849775,Martin-Olivier Lelièvre,social media,contacted,2025-04-10
32f531f8-e6b6-4b67-b801-00319bccc680,Inès Guillon-Maillot,web,qualified,2025-02-17
a01304b4-26a5-4efb-8dc4-a975baebf543,Nathalie Peltier,Referral,Lost,17-06-2024
33a5f565-62a2-486b-a7f1-ba43ace57e3d,Gilles Blanc,Social,Lost,15-07-2024
08b74593-f808-4776-be50-553d512052d0,Thibaut du Hardy,Social,Qualified,2025/03/12
d16d299c-4cbd-4176-94d5-6504503aeff3,Emmanuel Durand,social media,qualified,11-03-2025
c4063204-12f2-43d5-911e-fd93e6a6b2f1,Alexandrie-Nathalie Teixeira,Social,lost,2024-10-23
8b657926-6af3-41ac-9fff-0f9d3ae90733,Diane Labbé,referal,new,2024/07/18
a45cdcfd-c4ef-4b6b-ae97-7025746c2a65,Nicolas Legros de Ferreira,referal,Qualified,2024/08/25
48744a78-bbf7-49fe-880c-e403579e8ef2,Valentine-Élisabeth Guillou,Referral,new,23-03-2025
84f51d66-00d2-4e08-827c-b79d4dadb5ae,Auguste Bonnet,E-mail,Lost,2024-09-03
2afe9446-1750-45af-a425-66bbd90321e7,Alain-Xavier Voisin,Web,new,29-09-2024
85d9505e-7b5a-49c2-a991-adf7b93827a2,Capucine Bonneau,Social,New,2024/11/10
619c0c01-ff69-40c1-82ae-2f8e638e563c,Joseph Renaud de la Blondel,E-mail,contacted,04-07-2024
1f70980e-343d-4e36-ba1f-8ddf74ae27f0,Matthieu Lombard,Social,Contacted,2025/03/05
066ee9f1-6660-4451-b01c-98f44d37c399,Benjamin de Lelièvre,social media,Contacted,2024/10/07
5e12cdb2-a52c-4396-b0cc-ebd3753473d4,Georges Verdier-Lejeune,Referral,contacted,2024-07-29
4f0d4723-e75c-4e5f-8524-b03b144522d5,Émile Leduc,social media,contacted,19-02-2025
d0f7ca8c-7ad8-4111-9e8e-6d7ac322f6bb,Agathe-Diane Albert,Social,New,2025-02-04
9bfe64ac-9d3f-4db5-8e9e-e5f723c20329,Jacques de la Marchal,E-mail,New,2024-05-15
,Susanne Le Leblanc,Social,Lost,2024-08-17
7fa3b886-6674-479b-bf3d-f1cdeee87d19,Aimé Renault,Email,Qualified,2024-10-19
75a5fc2b-8c32-417c-aefa-d9645a9267c1,Benoît Payet,Web,lost,17-02-2025
fbf993f8-04f2-4197-84d1-5a04be7345d7,Suzanne David-Olivier,social media,New,02-08-2024
e1492c0c-fe84-4c5e-ad74-3a0c1988f63b,Louis Pierre,Referral,Contacted,2024-11-13
174f36f5-0902-4fcd-92eb-463e6b375658,Rémy Bourgeois,Social,Lost,2024-05-08
57d71afc-31a4-4f0a-9f19-4bdc1a72fd70,Maurice Berthelot,E-mail,,2024/04/26
53ab316d-ba14-47c5-8e79-acff0b980b5c,Alex Grégoire,web,New,10-11-2024
8ecd11a7-c94e-497f-b155-94c468687a06,Augustin Brunel du Joly,Referral,Contacted,21-03-2025
1b1dd405-cfa4-45bd-8fd2-ed8c8b6242d4,Josette Charles du Carre,web,Lost,2024-09-16
5c15e8b7-b902-42de-876b-44ed9ed26f3d,Danielle Menard,web,Qualified,2024-06-22
c54ecf7a-1023-4bd5-bb57-7197a9a1041e,Élodie Masse-Breton,referal,Qualified,21-10-2024
e363ea65-8a00-431b-b44c-6cd76a52bcbb,Élodie Evrard,Web,new,09-12-2024
600af8cf-53c4-4a86-b08b-acf63b6156df,Grégoire Marie,referal,lost,2024-12-10
e756e136-7743-4b77-952d-a48958cb1c2e,Noémi Huet-Perrin,web,qualified,15-11-2024
2df73e5c-ec3e-4303-951a-53f5a67d14de,Monique Maurice,Web,lost,10-02-2025
69924558-5dac-4cae-a532-15968f2ef33e,Sylvie du Lemonnier,Social,contacted,2024-10-11
b02b963d-7714-46a9-b3cb-afa4b3afe1bc,Maryse Jacob de Foucher,referal,lost,2024/11/05
991fa5c4-b024-40fd-bd2a-106c52863072,Renée Lévêque,Web,New,2024-06-12
daac29be-6181-4bff-aff1-cdb51e52eeab,Timothée Le Laine,referal,Lost,19-10-2024
60eca8ba-d15b-4b17-bd94-66d38d6ffda7,Raymond-Alexandre Denis,Social,qualified,2024/05/07
a65af9b4-1dc7-4680-ad78-027d546d04b6,Philippe Jacquet,referal,New,2025-02-22
beb2ebe0-a954-4955-a383-36cfecf8c47d,Madeleine Denis,Email,New,2025-01-30
cfa6f711-257b-4a8c-a82e-c8a2013acfd5,Jules Joubert,web,Contacted,2024-07-19
fc05f05f-d6b0-4b50-9400-801a5273a979,Thérèse Leleu,Web,Lost,2024-11-18
886c46b7-b217-46ce-857d-412185f29b1f,Jérôme Lucas-Mallet,Referral,Contacted,16-03-2025
72934021-f974-4efb-b9f0-0da32c4d6572,Xavier Tanguy-Arnaud,Social,new,2024-10-06
0427bdaa-d399-464e-b8a3-b187657d99b2,Susanne Da Silva,Social,qualified,19-09-2024
0124051a-ff76-49e1-9dbc-b261252e0902,Audrey Leconte du Chauveau,E-mail,Lost,27-12-2024
674440a3-df1f-4814-aaf1-ee3c9dbfa0d4,Benoît Maurice,Web,lost,2025-01-17
0fa743e1-f20f-4bfb-b560-e0aa89e8e4ab,Marguerite Nguyen de Mallet,Web,Contacted,2024-12-25
b9897c01-3ccc-438d-9c04-d57e92af7e84,Gérard Dos Santos,Web,New,2025/01/28
b174eb6e-7d82-42e5-ae66-5a8531adaea6,Luc Grenier-Leblanc,web,qualified,2025/01/09
f68c0f81-f3b9-4ed7-b8ad-b547416dbb9e,Augustin Hamel,Web,contacted,2024/11/22
36caad84-7a03-454d-bb79-7537fdc82aa2,Arthur Blanc,referal,contacted,2025-02-10
bb6b9af4-d83d-435e-85c8-14e32b8e8027,Nicolas Roy,Email,new,2024-06-26
f45ae603-3df8-41a6-a4f4-77ec1d118065,Patrick Collet,Social,Contacted,2025/01/02
9e4d381a-1875-49f7-a061-ac8aad48f547,Hélène Lévy de la Peltier,Referral,contacted,2024-10-09
47773e8c-fc83-416e-b953-74ec3e1894af,Thibaut Mendès,web,Lost,26-08-2024
51f9a9bb-3e91-4958-a520-7f1489fee962,Martin Mary de la Menard,referal,contacted,15-02-2025
cc2365d3-c7e9-4322-a223-19b123acb5d2,Christine Boucher,social media,lost,2024-06-16
fd8876c4-97cd-4bd0-ba3b-c5ce94dbecf9,Michelle Hubert,Email,Qualified,2024/12/03
72cc147c-d89b-4b08-9e54-84170465c6f8,Christophe-Vincent Collin,Email,lost,2024/09/29
ed3adb82-8075-4de2-b5fa-e7ea3423abae,Aurélie Roger de la Evrard,web,New,2025/03/24
2f6b285a-0261-455b-86e9-eafcff9b0e4d,Tristan Georges-Lefèvre,Web,lost,2024/12/19
adbd741c-c0b9-463c-93d0-0302c6645832,Aimée Ferrand,web,Contacted,2025-02-24
c7aa5946-e2d3-43db-bbfd-6c78fa5a78e7,Auguste Le François,web,Qualified,2024/10/12
dd1d74ac-b0bb-4b3b-beca-1e38ab571778,Léon Marie-Leroux,Referral,lost,2024-07-17
8c234f1c-33ab-4863-b7b2-17a196b6f589,Robert Maury,Email,qualified,26-07-2024
4799631a-a1b2-43e7-bf60-642857e2f513,Simone-Marine Faure,Social,New,2025-01-10
562b0997-e0ed-49b3-ae7d-fcaac844a0e0,Georges Leleu,social media,lost,2024-11-09
932f024e-8f92-487d-9761-7490ae6401c1,Clémence Lévêque,Referral,lost,2024/04/26
e3eefbeb-c5ee-4f08-8a9e-2cc2f6008a3c,Susanne Mendès,Web,new,2024/05/17
ddf6ee84-220b-40ad-a447-640339829270,Maurice Fischer-Bernier,referal,new,2024-04-24
3cfbd55b-e248-40d0-8422-8cd094512d47,Georges Ruiz,Social,new,13-04-2025
ea169096-4aa6-4c2a-8ff3-62db6439fc5f,Thibaut Dubois-Boutin,Referral,new,2024/05/20
3a12e06b-d9b2-48ac-ad0a-d029543b4d84,Sébastien Daniel-Vaillant,Email,qualified,2024-07-14
3065f67b-ef62-4e19-b918-d07dd6de9d00,Xavier Briand,Social,lost,05-09-2024
03577f3d-9d03-47cf-92d7-27ce0a04e0e9,Emmanuel Evrard,Social,lost,2024/05/15
c94a3ce2-a6f1-42b1-8eef-2dfd815ae5c2,Geneviève Bousquet-Chevallier,social media,Qualified,2024/08/12
ced1ebb9-de69-4e40-99ca-8f7d55609457,Gérard Parent,social media,Contacted,08-05-2024
773b4045-6330-419f-8ea7-1a07c3c7371c,Antoinette-Émilie Jacquet,referal,lost,23-09-2024
61b4ab1f-0a19-45b1-bcc7-961b8f16cb2d,Léon Perrot,web,new,18-09-2024
ac3365ff-1cb9-49bd-a50d-5a8510883ee9,Marcelle Georges,web,lost,2024/06/10
2e0b8b34-7c29-41fc-a9a0-4fceff781865,Henri de Gay,E-mail,new,2024/11/13
7096304c-b786-499d-ab27-b9268be56f77,Clémence Leduc,Email,lost,2025-02-12
fcee8c23-ebe0-4d2e-96a4-638ce053c23e,Robert du Perrier,web,qualified,2024/11/17
b51f8713-7c78-4dbd-b08d-ddce985ecacb,Matthieu Guillaume,web,new,04-03-2025
ff28ae97-a592-4435-8caf-c434ba89a2d2,Bernard Tanguy,Social,New,2025/04/03
c1d10a27-ba2e-4913-8427-3325fec101a1,Emmanuelle de Chauvin,referal,lost,2025/04/10
2281430f-814d-4965-9ae7-f5c4ebaa9d4e,Paul Le Moulin,Email,Qualified,2025/01/20
a28e3125-ae0c-43f0-a23f-a4024d29ef81,Jacques Bouchet,web,qualified,
74d84b4d-f657-4d85-85e2-111280a58dcb,Joseph Picard-Delaunay,social media,qualified,2024-10-09
5a409bfd-6375-4961-b611-602f51326dda,Thierry Boulay,Email,qualified,2025-01-06
01ebe162-ee6a-424a-8a02-c635b4078d87,Jacqueline Delahaye,web,lost,2025/04/13
65b2c013-31cd-47a6-8c85-9d0e09d0c8f2,Aimé Durand,Social,qualified,2025-03-30
f0704835-6f51-4375-a07d-14dc44cc620b,Jacques Nicolas,Referral,contacted,2024/04/18
e61ad835-18e2-456c-85e2-5e04f0cbd7c7,Marianne-Adélaïde Lambert,Social,Qualified,2024-12-16
befab998-8ec2-4f7b-8beb-bd42cdce4158,Denise Delaunay,Web,New,01-08-2024
731e45fe-24b4-47bb-ab20-7aa6df37d94a,Marc Pineau,Social,Contacted,01-09-2024
026c20b9-d90d-43ce-a141-b507cce2cc26,Jacqueline Ledoux,Web,qualified,26-01-2025
,Augustin-Julien Mahe,social media,Qualified,2025-01-26
7ef36bc6-9441-4d5b-bc27-02782851b6fc,Éric-Gilbert Barthelemy,referal,Contacted,2024-08-05
8a73b46d-5349-4583-a66a-ddb1262ffd66,Brigitte-Margaux Bonneau,referal,Qualified,29-03-2025
4f3229e2-c10f-44c1-bde1-60e4e1c245d7,Marguerite Blanc,web,qualified,2024/11/27
ae67a373-6c62-4422-8be3-9b31885fc8c8,Michelle Lecomte,Email,Qualified,2025/04/07
655b3eda-c95b-4b18-9c31-08d1be7ac57a,François Gonzalez,Web,Contacted,2024/12/23
82eddba8-8dca-4578-a961-4d148f836287,Josette-Valérie Pascal,Social,Lost,2025-03-05
1ae86134-4d8e-4f57-9c96-ae70f50f56f8,Charlotte Perret,Email,New,2025-02-09
5b350b91-b49d-49eb-b116-b98239ff3a9a,Raymond Courtois,web,contacted,2024/06/10
02aa40df-808c-4502-a8cc-017ee0567f2b,Corinne de la Pereira,Web,Qualified,2024/08/17
df5bc6d7-a983-4480-be17-5f28314d17b7,Vincent Fernandes,Social,Lost,2024/08/31
a738087f-02f7-41e0-8a26-560e26255922,Sébastien Faivre,Social,qualified,11-01-2025
07c293a3-9fb0-4de3-8444-5979d91aa7e5,Édouard Leconte du Baudry,Social,new,12-01-2025
7a7403ba-8ad1-452c-8b9e-1de98c1fc2a3,Diane Gomes-Gomez,web,lost,28-07-2024
001f16ab-a829-4fd4-bec1-3d6a608cb7a2,Simone-Claude Bouvet,Social,qualified,23-08-2024
6f7bc14c-c11c-4825-8977-760ea6776b0d,Léon Mercier,Web,qualified,2024-07-23
f082d7e5-26bf-4a83-a689-48091e27bf33,Michel Evrard,E-mail,Qualified,2024-11-11
88e81206-d267-49ec-b8f4-9228a98cabf9,Aurore du Imbert,E-mail,new,28-06-2024
670fc04d-efed-45ea-ac20-736b646f6049,Dominique Ollivier Le Boulay,web,qualified,28-03-2025
3c86a16c-e127-4b2f-a903-609423d4434b,Rémy Hervé-Bailly,web,qualified,2024-08-17
75e33c1c-1756-4110-9183-8ff8665622c5,Margaud-Madeleine Valentin,social media,new,25-01-2025
75566a1c-bea3-44be-ac49-ecba5e3607d4,Zacharie Perez,social media,contacted,2024/10/06
9dbb5fd2-4b67-4c95-82ad-3eccc79fdbc9,Tristan-Honoré Delahaye,referal,contacted,2024/12/20
31414383-eeae-46e4-9d08-03d61233ee68,Chantal Boucher,Referral,Qualified,2024-08-26
aa3acf32-aff9-49a8-926b-6645dadb0e13,Gabrielle Legrand-Rolland,Referral,Lost,15-06-2024
86d34f7b-af5e-4ba8-9686-2935183ddfac,Laurent Reynaud,web,New,2025-02-25
,Jules Carlier,Referral,Lost,2025/03/08
0ef0231d-fd44-49d3-82dc-92cb1bc22c7c,Charlotte Lesage,social media,Qualified,2024-05-12
833313bb-6177-47a3-b09f-aaab7762d118,Arnaude De Oliveira,Referral,lost,
be69f6ee-feee-42ad-8a86-d9d2f178e8ca,Tristan Lamy,Email,Contacted,2024/08/07
0d2e1ace-e0c6-443d-bf7d-7ddc0887d85b,Louise Cousin,E-mail,qualified,30-08-2024
22623246-cd64-42c9-b921-c0731a603946,Denise du Joly,Social,lost,2024-12-15
e4c21429-28ec-4167-8b14-879242f6457e,Astrid Masson-Briand,Referral,contacted,2025/04/18
c33dd4df-ceba-4cde-aeb9-c721eb397b91,Théophile Ollivier de la Leconte,Social,New,31-07-2024
cb971041-3f13-463f-bf3f-bbe086586933,Hugues Brunel,Web,Qualified,20-08-2024
8d2bb375-b2ff-483c-8cd0-5ad97ecbe542,Catherine Chrétien,Web,contacted,2024/07/12
5a088d54-7fd0-4bd9-aa42-515934c42c7a,Élodie-Hélène Adam,referal,lost,2024/09/07
c78399a9-2fe1-4cb3-8d52-ed24c998d612,Robert de Gaudin,referal,new,24-10-2024
40b64cc0-974e-4670-a5b5-b3491c9e12c1,Sabine Gosselin,social media,Contacted,2024/08/29
c7bec6da-e2f8-47c5-8fd8-7f816eb07b16,Christiane Hamel de la Ruiz,referal,Contacted,25-12-2024
84e731dd-6811-4653-b4c8-6c51cc789e54,Noël Dufour,social media,qualified,24-08-2024
71485862-920f-421e-a99c-0296780498b7,Arnaude Aubert,web,new,2024-05-24
6b1408e1-474f-4690-beef-53af52e10e9a,Marcel du Bègue,referal,qualified,2024/09/28
3791b890-1a9b-4f76-a6b2-9f5bf48c7b01,Agathe Lesage,E-mail,lost,2024-06-14
b5152488-d231-4001-88ff-aa3f9db467cf,Laure-Juliette Turpin,web,Contacted,
7fa7470f-c9bc-4c96-aee6-bedaf358e92b,Honoré Monnier,,lost,2024-08-21
997932d9-63c9-495f-bc84-c97daabacd74,Zoé-Margaux Mercier,Referral,new,2024/05/28
9795596e-874c-42a8-8903-2dc09fd505e3,Yves Renaud-Wagner,Social,new,2024/07/13
de3dfd2d-e368-47e5-8092-2a5165c16040,Thibault du Martinez,Referral,qualified,2024-05-14
7e1cedf8-458c-4c86-b118-178d4fd89165,Jules Pottier,Web,qualified,30-01-2025
7559cea6-afc9-4a20-92d2-bab593ed1730,Astrid Bruneau,social media,Contacted,2024-07-27
540bb488-45f3-4d26-a11a-c462ed527842,Mathilde Grenier du Chevalier,Web,New,29-07-2024
e49f32ee-9d05-40a7-a073-b91809e4ab7d,Susanne Ruiz,referal,contacted,2024-05-20
1a657306-4810-4809-821d-4ddeeb102e8c,Laurent Fleury,E-mail,qualified,2025/03/03
e4855df5-d97d-4105-935a-9a5e07633c4f,Jules Dufour-Joseph,referal,lost,12-07-2024
fe7f7bc6-2287-4d40-ac9f-0466d7b96364,Océane Coste,referal,lost,14-01-2025
a845f3dd-b21d-48e0-b0c3-3ba47c56c7d8,Isaac De Sousa,social media,Contacted,27-06-2024
476dd46e-6e46-41e0-8295-56451e842edd,Geneviève Dumont,referal,Contacted,2024/12/29
66edabb3-d3b2-4d71-979e-72a16f7d96fb,Astrid Bigot Le Baudry,social media,lost,2024/11/23
9c2310f1-b561-4377-a3a5-9a2c38d633cf,Jérôme-Tristan Goncalves,E-mail,new,2024-06-21
97f7c5f5-f34f-4ecb-b59b-4217726fba92,Raymond Dubois,Web,new,2024/09/02
dbb70c2c-4397-4155-8939-fd015066eca4,Anastasie Lefèvre,E-mail,New,2025-01-17
fb837796-ed26-4b5a-aa7f-62cddc55a2bf,Véronique Gomez-Wagner,social media,New,19-04-2024
9007d1e7-cf8c-4363-a3f9-8c55a00e7cb9,Christelle Laurent,social media,Qualified,01-03-2025
a5c22221-6892-4da3-bc81-ddf75866c4dc,Gabriel Michaud-Poirier,E-mail,qualified,06-05-2024
687bff1e-73d4-49fb-9423-ee08c584d652,Richard Renard,Social,new,2024/10/07
28c49efd-a906-4801-ad1a-e2bd15cd1291,Dorothée Boulay-Merle,Social,Qualified,2024/09/24
bb65da19-0506-4276-9f6c-74ef3ea5c328,Océane-Susanne Giraud,Web,qualified,2024-09-10
0be916f9-4cbf-41ac-bea7-7cfaf48d2316,Virginie Pires,Social,Qualified,2025/01/28
d9419750-eeb6-4d8e-89fb-5233409a86d8,Arnaude du Guillou,Social,lost,2024/06/15
37463a0e-4765-4180-82b2-8d38ee793e87,Raymond Robin,social media,contacted,2024/06/09
37ca0cd6-7c3f-4178-b632-5a77ffcc7b27,Michel Faivre,E-mail,lost,15-10-2024
d1a079ca-e065-4ad4-adcd-ed2d4bc8dc2c,Yves Leduc,referal,Lost,2024-11-12
c43737fe-a422-4f07-b9fd-f6a49abf0f6a,Étienne-Olivier Devaux,social media,Qualified,2025-01-07
451e83ca-28f8-4b58-b86d-68128ef70632,Nicolas Lévêque,web,lost,2024/10/29
066752ca-45d6-4302-94b3-fd32c80915f2,Marguerite Boyer,E-mail,new,2025-01-24
d3f0c41d-020f-4cb0-8bc8-054f54dec42a,Michèle-Frédérique Nicolas,Referral,contacted,01-10-2024
0c26454f-70f2-4c9c-8c3a-70e9e280ce7c,Julie Dias,Web,new,2025-02-19
7758f39c-e863-4f9f-9c84-2d7f8e239b32,Élisabeth Boutin,web,Qualified,2024-08-01
a1b8c5ce-a525-4144-bba2-40e00930c96b,Éric Le Barre,social media,new,2024-09-11
ac8d23f0-82f2-46cf-8b01-9c9ed30e0fa7,Inès-Claire Dos Santos,Social,lost,2025/03/11
a32ef32e-10b3-482c-864e-9863fe4c3f18,Aurore Da Silva,web,Lost,17-11-2024
d4610732-ef96-4afb-a49d-53a52fd13c3e,Célina Moreno-Royer,web,Lost,09-05-2024
919540cb-41c1-4e5d-b3f0-d6f036ede4eb,Suzanne Pelletier,E-mail,Lost,2024/12/21
e15be848-cae0-4f13-9db4-f407a1ca0204,Franck Jacob-Pichon,Email,new,2025/02/14
839dae13-5b6d-48b7-bb44-fb618ae911d3,Lorraine Leblanc-Paris,web,lost,2024/11/29
68ff752c-8b46-4f72-ac32-90ee084730ae,Brigitte Lacroix,Referral,Contacted,2024/10/30
2408f883-e44f-4e93-8d7b-529aacfead5a,Bernard Fischer-Petitjean,Web,Qualified,2024/05/26
b6c3c5d8-cf27-416d-a84c-69319cb368a8,Nicole Leconte,web,Qualified,05-08-2024
8560feb8-aa9b-4221-90bf-123373b64e2a,Gérard Hamon-Hoareau,social media,lost,2024-09-12
abcd3bf0-8402-4dac-84b9-f1ad3f08c407,Pierre Gaillard,referal,qualified,27-06-2024
662a29ae-fe76-4011-8241-4f91725123ce,Sylvie-Zoé Pineau,referal,Contacted,
d05f94a4-8850-4b9f-887e-49613c76324f,Éric Delorme Le Lopez,referal,new,2024-10-09
a2e7d27b-09fb-426a-b011-6af8d4add011,Franck Lesage,Web,Lost,13-11-2024
b85a6875-0dae-4a45-ac10-fe3816db603f,Marcel-Gabriel Chevallier,Referral,Qualified,2025-01-02
04e220c7-be6a-4aef-a436-df333e9384aa,Jérôme Ribeiro,E-mail,contacted,10-09-2024
,Bernadette-Diane Riou,Referral,lost,27-06-2024
a29455bc-a728-48e5-bf69-cd69895c0890,Sophie Roche,Email,Qualified,2024/05/28
bad00cd2-4299-455b-9705-a76ba9e2186f,Timothée Bègue,Web,New,28-11-2024
92f9dabd-d088-4be2-8185-dd26df80d55e,Tristan Legros,referal,Qualified,10-04-2025
ade2a001-51a9-45dc-ac67-43bfbb1f4f1a,Charles Rossi,Web,lost,2024/08/24
8101bbba-f4ff-473c-b0ce-dc94b3136c22,Emmanuel Robert,referal,contacted,27-06-2024
52f94154-1797-4853-b669-93e7a63f75b9,Benoît Martineau,Email,lost,15-01-2025
03597223-8bc1-4687-a4eb-eb0ebdfb37de,Olivie-Antoinette Meyer,referal,Qualified,16-08-2024
0fcf6ffa-2783-4666-9c83-cb38eca77caa,Robert Fouquet,referal,qualified,2025/02/27
3b3dabff-be48-4c91-8c2b-4fe8e524d086,Thérèse Hubert,Social,Qualified,2024-04-22
0dd08be7-854e-47ad-9ed2-bd09c5a92f44,Margaud Georges,Social,contacted,2024/06/13
850a9954-3043-4fa2-a191-6de67b924f36,Bernard Delattre,Social,Contacted,2025/01/13
d9dbc878-4e81-4cdb-8d7a-a77b569a8818,Paulette Leclercq,Web,Qualified,2024/06/27
58974643-d57a-4542-8027-8ec7aedb93bd,Adrien Gallet Le Jean,Web,lost,2024-10-02
6c0bd37a-53c3-4e90-a656-cfeb0031b643,Capucine Le Bertin,E-mail,New,17-12-2024
85451d23-99f2-4459-9499-35b802220aeb,Constance Pereira,social media,Qualified,2024/10/09
a2003e8d-2e92-4699-b8f2-ca62b4094201,Renée-Christelle Gérard,Email,lost,28-11-2024
ad4807eb-b8f6-4164-ba11-e1082f8fc2b9,Lucas Leduc de Gimenez,Email,qualified,2024/08/12
a85d49c9-1301-4c24-aabb-462a45ac7b38,Élisabeth Joly,referal,qualified,2024/10/10
a8b54f85-067c-409c-be41-f0424c318dec,Nathalie Pages,social media,Lost,2025/01/03
624d1294-b46c-4adc-a93f-db80a158da4f,Jeannine Lombard,Web,new,2024-04-20
a27c4d0b-197a-4a5a-834c-04b4f0bbcc69,Lucy du Laroche,Social,qualified,22-03-2025
62baeeb3-e922-450b-ad30-c43aa5bb2518,Mathilde-Élisabeth Barre,Email,Lost,26-11-2024
f5f43347-7199-4a67-8602-efcb6031f93c,David Paris,Referral,Lost,2025-04-03
0daed99b-d879-4020-a94e-3808ef4ec715,Jeannine Leconte-Ollivier,Web,contacted,2024/09/13
e0e4123a-2790-49a6-b35d-51955bd19a43,Yves Perrot,Referral,contacted,2024-09-13
4c3f567e-afae-4b7d-af36-45da2c93fb2a,Chantal Rossi,E-mail,Contacted,2024/05/11
fd049fe7-a324-4c92-b89e-2c3e30003eda,Arnaude Le Lefort,Social,qualified,10-03-2025
0f66d115-1a6e-4ba7-b4ce-aea23d40e202,Hugues Weiss de la Gillet,social media,Qualified,2024-05-11
092a3443-be90-46f6-a6f0-183c977e5d9a,Michel Gomes,Email,Lost,2024-05-09
93f3e926-c654-4d5a-b116-fe4375ad62b3,Maggie Merle,referal,Contacted,2025/03/21
d029989a-2932-4cc4-a519-2f89f350beda,Michel Guillou,referal,contacted,2024-04-21
71a2cc06-7e6b-4b60-a8d2-299569a8b253,Philippe Muller de la Dubois,referal,new,2025-01-17
33ee10bc-6619-46df-912e-2de9a0570787,Camille Maillard,Email,lost,05-06-2024
6ca5c007-eb0d-44b3-9803-8a91debcfc9b,Franck Nguyen-Faure,Web,new,16-11-2024
f9802efc-183b-4525-961b-ac08db3bbdb0,Hugues Leblanc-Godard,Referral,lost,2025-03-31
5d23cbd5-6f7e-4990-b8f8-9fafc13512bf,Corinne Turpin,Web,qualified,2024-06-13
8d5a51fe-d406-4b0a-be10-e6c38ccc6c29,Vincent Pages,Web,Qualified,2024/10/30
ac901d63-4170-446f-a712-e2c1ca14bd48,Henri Barthelemy,Email,qualified,2024/09/12
acaba60d-c963-4a77-8eac-b2ac2f55c2fd,Pierre Da Silva-Barbier,social media,Contacted,17-09-2024
0ed5f566-7d01-41d6-8321-66c4d0414fbb,Luce Cordier de Pascal,Referral,qualified,2024-09-30
16726de3-7bdf-4916-ada3-fc727655347b,Laurence Legrand,Social,new,2024/11/05
6b834e5f-eb7f-4621-8345-88f81faa7cae,Gilbert Peltier,web,new,04-01-2025
26bfa115-1648-4502-9420-b8859377847b,Geneviève-Pénélope Bourgeois,social media,new,2025/02/10
078ec39c-84c9-4678-a5aa-09a1252855ee,Thibaut Pons,Social,Lost,2024/12/07
c8e0a664-012a-473b-82b8-8751ce5df868,Franck Ledoux,Web,Lost,2024/08/11
d3a940ac-bf5d-4d34-a6a0-00b47c5be352,Roland Gay,E-mail,lost,2024/10/25
b9f05451-89c8-467d-be95-7be1e884820c,Nath Guillet,social media,Contacted,29-08-2024
5fd6f3f7-6e5c-4f05-9faa-9194114891fd,Matthieu du Albert,Social,new,27-04-2024
de00f265-9fc0-4a88-9f66-dc8b3e092f34,Olivier Hernandez,Email,Contacted,2024/12/15
4c027f00-15f8-4d51-9870-c158f48c1a70,Richard Gomez-Chauvet,referal,New,2024/10/06
003868ec-d199-4232-91ba-64b1ac926133,Geneviève Garcia,Email,contacted,2024/11/17
366ff53a-3127-4620-a006-d508ec959c26,Alex Henry,Social,qualified,09-08-2024
d5747427-d5e4-46d7-bba2-0f6d6dee8c27,Cécile Marty,E-mail,lost,2024-05-17
8a33b0c5-a2d2-49f8-b518-05e71536f942,Éléonore Coulon-Roux,web,Qualified,2024-07-20
2b7376fc-d531-44ef-bdc6-e77628c0d20b,Philippe Raymond de Gomez,Web,Lost,2024-09-11
31fd772d-e33d-4c8c-8e43-127f09fb8130,Juliette Barre,Social,qualified,2024/09/08
6fb11660-6523-4bb2-a515-a2c672f4dd70,Roland Bailly-Moreau,referal,New,12-11-2024
21599815-f6e3-4307-922f-87a515ca5d43,Margot Guillou,referal,New,2025-02-17
855fad89-b579-4081-8629-9bfdd8a166e8,Patrick Besnard,web,lost,08-09-2024
d459bb16-e75b-433a-8da7-9dcf97c589d6,Éléonore Picard,referal,contacted,
0d5ba144-cd3e-4834-a258-5212ab94d3ab,Théodore Fernandes,web,qualified,2024-07-26
5ae23112-769b-417d-a019-4840a73079a0,Margaux Guillet du Leclerc,web,New,22-07-2024
edcf7e9f-fa70-487c-9eb1-b05a797aae98,Théophile Bourgeois,social media,Lost,2024/08/19
07dbd68e-76bb-44af-9e05-bea61e47d322,Susanne Masson-Delattre,web,Contacted,2024/08/17
f89014aa-ce6f-4b4d-873e-1bfe0d8875a2,Nicolas Girard,Email,Contacted,2024/07/06
707dca66-ff2d-4c1c-ae34-6e8ecd60b7ae,Antoinette Carpentier,Referral,Qualified,23-08-2024
8d124ffd-2715-4236-89b1-174f29bedce3,Marcel Blin,Web,new,2025/03/27
cd9306df-3d85-458b-945a-5f0746713b9b,Josette Gomes-Le Goff,referal,lost,11-08-2024
cfb7fd57-a20e-4bb3-a2b1-9e4c2988ae6f,Christiane Lopes,Referral,New,2024/08/01
5886692a-701b-46a5-9da4-b594a3ba3c62,Thierry du Lombard,Social,New,25-12-2024
2207871a-be43-48a4-b041-78779527c421,Benjamin Carre,Email,new,2025/03/29
fef7c3eb-25ed-44f1-8499-3a0af90a7bce,Danielle Philippe du Bourdon,referal,Lost,2025-03-06
ad610694-5dfe-4a5d-ae14-84ebcbb015b6,Monique-Olivie Martineau,social media,new,2024/08/20
068ad005-6adf-4ab4-a127-7c0f02216a27,Augustin Maréchal,referal,contacted,2024-08-30
f0e56094-ef48-4cdb-86ad-e6a15635389d,Marthe Gauthier,social media,New,2024-05-19
07748631-e9f9-4330-b9b0-fa2758a4d8e3,Isaac Marchal-Lemaître,social media,qualified,2024-11-18
8b389a81-d9ba-42bf-8d30-74091a58df44,Yves Pottier,Email,Contacted,2025-01-04
665ee416-6a7f-42d3-8d1e-8f94c01693b0,Joseph Briand,Social,qualified,2025-03-13
7bcadb52-c2fe-477f-bf95-ff75af169b82,Éléonore Riou,Web,New,2024-05-28
0488e817-6fb1-40ba-b6b0-bf453013a9dd,René Maillard,Web,contacted,2025/01/27
8a398660-36bd-4174-9b4f-1573b86cb67e,Alexandre Peron,Social,lost,2024/09/30
9be13647-b87e-4e3a-bee2-ef2bf9e2ae66,Hortense Teixeira de la Merle,,contacted,15-03-2025
b3ab8815-95c6-43d5-ac01-20fc3e6a8d02,Aimé Marion,Referral,Qualified,06-01-2025
7fde5e6a-e42c-4558-b9b1-268b9ec499fc,Stéphanie de la François,Social,contacted,2024-11-27
32abfe4a-6226-4bd9-8f95-3a96197bac73,Vincent Samson,web,new,2024/12/12
5499d3f7-6e9a-48cb-9c30-feb3e2a74032,Marc Devaux,Social,Contacted,2024/05/04
7b41cd99-d345-40bb-8511-b92907fcf70e,Bernard Millet,Referral,Qualified,2024/07/04
aa7b73ff-e3c0-4125-b8c5-140954992a26,Alain Raymond,Web,Contacted,2024-07-07
e05ae21f-7330-41c1-8233-786e5490c6e5,Patrick Lopez,Social,lost,2025-04-02
a907b86d-0d77-4547-8288-566e2fa98528,Marguerite Peltier,Social,lost,2024-09-06
1bcd73ac-e2e2-4b9c-a713-b50503a2b3f1,Stéphanie Evrard-Delorme,Email,lost,2024-04-22
a707d0f0-0e95-4e25-bed2-cc02e8548482,Éléonore Pruvost,Email,New,2024/12/09
3991de41-24ff-46f5-8375-5facc414a35d,Joseph Perrot,Web,new,31-12-2024
33b57be1-cd7e-4f3f-a135-efdf43c9372c,Gilbert de la Torres,web,Contacted,2025-02-12
c86dec75-a51b-461c-ac93-ae7835effe6c,Emmanuel Labbé,social media,qualified,2024-08-13
241bf952-01dc-4f56-8b9b-4f9632f85739,Émilie Hoarau,E-mail,new,2025/01/11
a104cb51-665f-435a-b7d1-92e1043f944a,Georges Dufour,Email,New,11-06-2024
6c2c3a8b-e4c9-46f5-bdc7-8534fb619dfa,Agathe-Joséphine Delahaye,Referral,Contacted,2025-01-04
a7ac506e-f2a4-484c-bbc8-cda0b2bca17c,Henri-Paul Bègue,referal,qualified,2025/03/21
a204a975-9ae6-4263-830f-9f633adee14a,Caroline de Martinez,referal,lost,2025/03/10
a3e4b737-e8ce-4cbb-b1e4-3038bdf60851,Agathe Petitjean-Pascal,referal,New,24-10-2024
7b015887-617f-40d8-932d-e00c6b51227c,Manon Le Leclerc,E-mail,New,2025-04-13
a6903ce0-a34f-4653-8a4d-aab032b44207,Gérard Le Potier,Web,Lost,2025/02/13
38173622-4c13-4ca1-8328-b66275c14209,Alice Valette,Email,new,2024-05-15
c2854df2-81e7-4f56-92d4-04afadc9fc05,Eugène Philippe,E-mail,lost,2025-01-30
1560c94d-de18-4245-a613-2323fbbc4b33,Louis de la Leduc,referal,New,2025/01/16
6bece26f-0627-464c-9380-3cd8feb38123,Hugues Lopez,web,qualified,12-07-2024
,Brigitte Marie,Referral,qualified,2024-09-18
ba23f1db-fd51-42b8-8cb0-c52c3c7efbb5,Louise Monnier,Email,Qualified,07-01-2025
f47ab5ed-a00b-48af-b374-6828eb64cfa7,Lucas Roy-Marty,referal,Lost,28-03-2025
3eb93081-0348-444f-bdba-a83ed81a8261,Vincent-Victor Marchand,Web,,2025-02-25
00f43295-dde1-4d9e-88cc-cdf46ed79986,Matthieu Huet,Social,Contacted,29-06-2024
e398a0cb-66c5-4513-a0dd-4f6becbdb233,Christelle Lebreton de la Bousquet,Email,new,2024-11-05
2f3726d7-214b-48be-86ab-5b6876c7e371,Madeleine Vallet de Durand,social media,Contacted,2024-12-02
14cff881-548e-4053-bd3e-2f1ab7434e8c,Adrien Merle,referal,New,29-06-2024
a160cba5-9afa-4606-bcb1-323d918cf712,Aimé-Sébastien Merle,Web,New,2025-02-19
6b0182ca-5a1a-4dab-a9b1-576b9348bc25,Martine Lefort,referal,Lost,2024/09/12
5addffa9-bd85-4c7e-a5c4-9e45464df2bc,Bernadette Thierry du Andre,Social,qualified,08-07-2024
38e29c52-09a7-4699-a393-af22e054a5ab,Théodore Rodrigues,social media,Contacted,2025/02/16
2c780abe-4c55-4919-8ab5-326e8f910c2f,Bernard Lecomte,Web,qualified,15-11-2024
37b2790f-3432-4c12-bc86-3d7a4ada5ef9,Benjamin Pires,referal,New,2024-07-21
c3e2e9b1-3af6-43c5-9410-1d16e0da9d07,Antoine Jourdan,Social,lost,2024-05-07
2a6657da-eb42-454c-bb63-97854a10da48,Margot Mallet de Aubert,E-mail,New,2024/04/29
32e1cd18-98a2-4eb7-a108-869cc086d1e3,Stéphane Maillot,Email,Qualified,2025-03-22
2ec008f3-a46f-4b65-bd88-ca6f80f006a8,Émile Laurent,Email,Contacted,2025-02-10
0cdaf4de-2737-4c2e-9b05-3fcc73f8704d,Emmanuel Germain,referal,,03-09-2024
15745e66-363f-43da-9810-66a064911e42,Philippine de Gay,,Qualified,2025-01-17
a346892c-d0e6-4d3b-b90a-1caa297ff952,Grégoire Guillot,referal,Qualified,08-11-2024
3b2339f9-4d3a-4eaa-880f-da937ad83223,Jacqueline Robert,Referral,lost,2024/09/01
9da8c92c-5a26-48dc-b99c-79823a5c63e3,Christelle Coulon,web,New,2024/09/25
bc57f6ae-08f4-4150-83aa-83093c7a3687,Victoire-Monique Salmon,Web,new,2024-07-16
2fbcdc51-a273-4208-85c4-d605ee26b04c,Christine Albert,Social,Lost,29-12-2024
e76a79e3-709d-444d-9b72-b4063e82ae52,Véronique Pires,Email,New,27-07-2024
3b44b838-16b3-4a33-8c5f-07738ca1a363,Brigitte-Laure Rodrigues,Social,qualified,2025-03-23
7fba11ab-f8d8-449d-bb22-a6cc0202f956,Nathalie Chauvet,web,new,16-08-2024
3f8adb5d-4f2f-4a4e-8b93-a30010079f70,Henri Leroy,Web,Contacted,2024/05/27
8f98695d-8731-420b-96dc-9a6e3c0e5d67,Marcelle Renard,Referral,Lost,11-12-2024
c7edad1d-b5d7-4722-bdaf-815c5e30f7ec,Nicolas de Buisson,Social,contacted,2025/04/13
f60a4df4-e340-4a76-816e-740d960fd81b,René Carre,Referral,Qualified,2024/04/22
a0b48ea7-b2ae-4aa0-896f-e8bccac6b6dc,Claude Poulain-Bouchet,Email,Lost,2025-01-04
2edc6ad4-0212-4eeb-8070-6b5f38c4244e,Margaret Gérard-Muller,Web,contacted,2024-06-16
d314251e-0c81-4c6d-8d13-57c8c2660371,Tristan Robin du Da Costa,Web,new,2025-04-15
b3324544-d941-46d6-a3b3-cb718de1167e,Bernadette Tessier,Social,Qualified,2024/09/01
42fd343d-67c1-44fe-9b3e-9182914302d9,Valentine David-Roche,web,new,2025/03/21
1efe5fba-ee6b-4213-a2ab-5867d5ef2a57,Susan de Dupuis,web,Lost,2024/12/12
b9ecda17-0a76-48d5-ba45-cdf55dfaed3e,Laurence Gaillard-Grondin,referal,Contacted,02-01-2025
43db5044-9e20-454a-9cdc-5284da07660b,Daniel Peron,social media,new,2025/02/22
8a68746b-9343-4515-a96d-561311b0ac0a,Marcel Courtois,Social,New,14-05-2024
63ba2290-a0b9-4ef1-97ae-6c2c3a3d161f,Zacharie du Rodrigues,referal,Lost,2024/06/12
6ec78029-4982-4fd9-af5e-54444533e6b0,Marcel Le Roux,Email,New,2024/09/06
aa5ef8dc-5d6c-474c-9f24-5cbb695b4e9e,Stéphanie Rodriguez,Social,Lost,2025-03-02
5687dcdc-3aa0-4d21-a490-b71ccfa5e039,Aurélie Voisin,Web,contacted,08-06-2024
