Student ID,FirstName,last_name,DOB,reg_date,email,E-Mail,mail,courriel
46685257-bdd6-40fb-8667-1ad11c80317f,Patrick,HUBERT,05-03-2005,21/11/2022,mauryaudrey@martinez.net,,,
8fadc1a6-06cb-4fb3-9a1d-e644815ef6d1,Luois,Auger,1998-04-03,22/01/2025,,carolinepruvost@bouygtel.fr,,
b2b9437a-28df-4ec4-8e4a-2bbdc241330b,Audrey,LEBLANC,29/05/1994,2023-06-24,paulettemarques@morin.com,,,
43b7a3a6-9a8d-4a03-980d-7b71d8f56413,Susan,Bertrand,27-05-2000,01/04/2024,,,jchevalier@techer.fr,
0bbb2599-11ce-4dd2-b45e-d1f03139d32c,Margaud,dumas,2004-02-13,2023-07-12,eugenegillet@de.fr,,,
ab9099a4-35a2-40ae-9af3-05535ec42e08,René,boutin,1997-01-23,15/03/2025,elisabethchauveau@goncalves.org,,,
af42e12f-3838-4326-8e94-4239b02b61c4,Victor,Lecoq,08/03/2005,2022-07-14,,gomesandree@francois.net,,
366eb16f-508e-4ad7-b7c9-3acfe059a0ee,Marcelle,Didier,12-12-2003,24/12/2023,remyjoly@orange.fr,,,
bf3c4c06-4343-48bc-89fa-6a688fb5d27b,Isabelle,GILBERT,2006-12-21,2024-10-11,matthieu28@tiscali.fr,,,
1c11f735-dc71-4d96-8c0f-d195c17af08a,Honoré,Techer,1995-11-04,2022-12-23,,collinalex@tele2.fr,,
dc5c0eed-8da0-465b-b898-97b9405cacec,Alain,Bazin,2003-04-19,13/10/2022,,,,frederic46@free.fr
e037e5ed-b8db-4672-b42d-47cc00d4af59,Michelle,CHARLES,06/01/2002,04/06/2024,,toussainttheophile@brunet.com,,
1ca35cfb-04fc-4d82-bd15-438552fbe43b,Agnès,le gall,26/06/2004,25/04/2023,,,,helenechevalier@foucher.com
20de435d-2031-4750-840d-b9b4885f6e66,Margaux,ollivier,28-03-2007,20/08/2024,eleonore96@gimenez.net,,,
abf3ad39-fec2-4bbe-a624-5bfa4fcca39a,Manon,BESSON,05-06-2006,2024-02-28,,hoaraumaurice@hotmail.fr,,
3ae8cc93-8dcd-4d03-969b-666205628059,Jacqueline,vasseur,18-01-2000,2022-04-30,,,,rollanddaniel@remy.net
8a0b3c33-36d8-493a-bc44-1fe7ab4220a7,Gilles,RAMOS,1999-01-13,2024-09-22,,sabinereynaud@noos.fr,,
6e595ed3-a8b3-47fa-98d0-752b1825bc54,Adrienne,BRIAND,1997-07-15,17/01/2024,,mailletmarcelle@yahoo.fr,,
ccf3a171-56dc-4907-ba6c-34ab6712303a,Franck,,30/04/1995,2023-02-10,,,,bjoly@lopes.com
8ce21ea3-db20-456e-9c81-5fe7ceda8bbb,Eugène,Girard,01/11/2001,26/01/2025,chretienclaude@brun.fr,,,
0f02bad0-e706-4ef4-a6aa-9385dd59ba71,Jacques,gillet,1997-12-07,22/04/2022,,,sabine74@noos.fr,
c88a618e-fed4-457d-bb02-6576f512c4c3,Frédérique,Peltier,2006-02-23,,theodorecarpentier@delorme.com,,,
958ca9ba-0cd6-40c2-8ea2-622b504867ba,Christiane,gaudin,2007-01-08,2024-07-22,gregoireedouard@muller.net,,,
91d63f78-e3e9-4e99-b10c-718b1eb0e38a,Paul,Delorme,01-03-2001,28/10/2024,,humbertmargaux@bertin.net,,
43ff5011-3d1a-45dd-906e-5a9ab758588d,Anastasie,PAYET,2005-09-09,2025-02-25,,,wgomes@hotmail.fr,
902059e4-ff9a-45c2-9f04-4aed75523327,Eugène,LEGRAND,15-06-1994,01/08/2024,,,gilles51@lemaitre.fr,
fbddcf7c-9c96-49ec-8d71-c366b41b3143,Susan,GUIBERT,2003-07-16,18/07/2024,,,margaud12@ferreira.com,
48212ddb-45b8-4cd9-a7cb-6f2a8da01097,Josette,lacroix,05/12/2006,2023-10-03,,,corinne74@morin.fr,
c56811cd-5563-4616-80e8-5ece0b49452d,Gilles,DIAZ,02/01/1999,2023-05-30,,tcourtois@guilbert.com,,
b0e6a969-e213-42b0-b1ee-dba313432e61,Henri,Morvan,14-03-1996,2022-06-13,aurorerodriguez@gmail.com,,,
cbceabde-eede-4b07-a623-a6895d59cd2a,Augustin,Pelletier,17/07/1999,2023-03-11,monnierrenee@legendre.com,,,
ccc56569-f9e8-4369-a999-b735dd56cc94,,schmitt,29-04-1998,2024-01-19,nathaliele-roux@laroche.net,,,
1bac27a7-b386-47a4-8991-603f28c13091,Alex,Morel,01/11/1998,2024-04-19,,theresejacques@schneider.net,,
6601ddd0-3170-4437-a8f7-ef5a060edf5b,Vicnent,Lopes,02/02/1998,04/08/2022,,lucy86@dbmail.com,,
42deffcc-f86c-4ca2-a085-96db1d870966,Joseph,blin,07/10/1994,05/06/2023,godardbernadette@chauveau.fr,,,
1d9af659-82ec-4f2d-bbf6-e16f9b3080d5,Alice,verdier,20/09/2001,2023-02-08,neveubernadette@voila.fr,,,
afd5dea5-89d7-4d6c-8e77-7f00ecf27e76,Michelle,Traore,2003-02-21,23/02/2025,,,,aurore15@dupre.com
4f2d4796-81d2-47de-8ce1-eb90e6697833,Margot,Lejeune,17-07-2006,07/09/2023,,,,francoise23@noos.fr
bf85bf0e-ad64-456c-a10f-aa3ff0bbac67,Jérôme,Chauvet,2005-08-10,19/09/2024,,,alevy@club-internet.fr,
9479e1e6-c927-4d9b-ae0d-264835ce8841,Julie,bègue,1999-03-06,2023-09-01,,rpichon@sfr.fr,,
f5b78cc7-e6b3-4944-8b32-3e357922bac2,Stéphaine,Guyon,29/12/2002,2023-01-07,,denise95@hamel.org,,
0640be0f-25b8-4d4b-b2fa-2de8ce7ae7f6,Benjamin,Moulin,12/02/1998,26/04/2024,olegros@wagner.fr,,,
b00805cc-a7f3-4ae9-a5c7-3c443e75c3b4,Aimé,Hamel,04-02-2001,2022-10-01,,,josephgrenier@wanadoo.fr,
eadf5085-3fcb-4546-8eb2-25790cdb1ca4,Claude,RIVIÈRE,14/03/2002,28/03/2024,,,hmartineau@faivre.fr,
81392443-e45b-412e-b822-5688d0a44432,Aurélie,LÉVY,2004-09-19,2024-03-11,,qlebreton@diaz.fr,,
13d5f2f7-709b-4d97-864c-04af3d3f3799,Michèle,RENAULT,16/12/2004,2023-04-18,timothee81@laposte.net,,,
271e3ee2-b1a6-41f1-a20e-99d33b33f3d8,Maryse,benoit,11-11-1996,27/07/2022,iremy@tele2.fr,,,
6b8e869f-d538-4b0e-b4f3-193c0ff0a55c,Amélie,Pires,15/05/2001,2024-10-12,,,,amartel@leger.fr
8bcf53a1-bc10-4a52-bf5d-2fdf89c8d2ab,Susanne,Marion,04/06/2001,2023-03-27,,richardnguyen@tiscali.fr,,
addc3e13-ab3b-4d37-960c-95ee638c254c,Susanne,Lebon,1994-10-16,2022-12-31,,laurencejoubert@voila.fr,,
06f028ff-a9ba-4a27-907b-fe36978648f8,Émile,WEISS,31/12/2000,13/02/2024,,,,dvidal@gillet.fr
c2dff335-5666-4f9f-93ac-2ab974672cd9,Alex,LOPES,1997-11-24,02/02/2024,,,lelievrealfred@gmail.com,
c7fee39f-1190-4938-a66f-d7f739669fa7,Manon,Fournier,01-04-2000,06/06/2022,,,virginielefebvre@dupuis.com,
b31022f0-770c-4798-b7cc-863bf2a03459,Pierre,Gosselin,22-11-2003,2023-11-13,,merletherese@langlois.com,,
f54ad0a2-e874-46d7-ad66-a1bd93676a02,lAexandria,chauvin,09-08-1999,21/02/2023,,,francoisgrenier@pottier.com,
8861fe18-58e2-4888-8a83-81bec85aca46,Aurélie,Peltier,04/12/2003,2023-11-15,alexandre67@lesage.fr,,,
bbda0242-2d17-4fc9-af7c-15ea272a6d8e,Dorothée,Gilles,01-05-2006,12/06/2023,,,,unguyen@bouygtel.fr
ef43613c-d4aa-49a3-bed8-c56cda09dfa0,Emmanuel,LOPES,12/10/1999,19/03/2024,,,ncolas@marques.com,
7cd0129d-2e8d-4e87-9334-20e6d9d80b8d,,Monnier,2002-09-15,25/05/2023,,,jeannine48@voila.fr,
3dc98290-15ea-4b27-b0e9-12f2f2b43abf,Michelle,cordier,01/02/2003,16/05/2024,,timbert@pons.com,,
b118f68d-6786-4506-b8ba-8abc4b5305e5,Patrick,Schneider,1995-11-18,2025-02-13,,,,hlenoir@live.com
54aebd1b-8ce6-424d-bef5-9fe6ff233d5f,Adrienne,BOUTIN,14-07-2001,23/03/2024,,,philippe31@sfr.fr,
f36cb62b-892e-4161-be2d-740a1e9b23bc,Paulette,Blot,1999-08-31,31/01/2023,,,,nicoleguillet@ramos.org
3a3c563e-4bd6-4ee6-b1b1-b099d52721e7,Agnès,Colin,03-01-1996,01/08/2023,,,robertlambert@lenoir.com,
1a432f0a-7daa-49f0-80b6-fce2de53790a,,Baudry,2005-02-23,2023-07-04,,,,vbesnard@free.fr
7a4c75d4-dc99-404c-b0e9-8b3b40a26c60,Gabriel,François,1995-03-04,01/01/2024,,,verdierlouise@gmail.com,
f2f9e5fa-9016-4161-8fa7-01cd2631d00b,Thibaut,Clément,16-11-1996,09/05/2023,,,mseguin@diallo.fr,
fd72b050-96a9-454f-9c33-e1f94c1f55ab,Aurélie,schneider,29/10/2001,18/09/2024,,,ledouxmarc@aubry.com,
2812859a-1337-439e-8d4f-5d272c7f0b79,Adrien,Lejeune,18/05/1998,2024-03-18,,,,arthur34@club-internet.fr
aff8754d-1238-4630-b43b-65a2dc0f2fcf,Nicolas,Aubry,04/04/2006,14/12/2024,,inoel@jourdan.com,,
4ebfa5c3-cae9-44a7-aa79-ea680f44704f,Jeannine,Bouvet,06/07/1995,19/09/2024,ddenis@club-internet.fr,,,
801ef1da-45b1-4d25-b153-3ae8670acc5c,Élodie,Teixeira,14-03-2006,28/02/2024,,,lesagenathalie@texier.org,
ac9ed156-f63f-4e41-ba9a-ca5e176132ed,Virginie,Bruneau,26-09-1994,2024-10-17,hortense02@paul.fr,,,
6f962882-95d8-4980-bf37-d19c2e76128b,Luce,MARIN,1999-01-11,07/09/2022,,,anouk55@yahoo.fr,
7ed70ed7-b194-490b-a961-929e546e035a,Sébastien,dupré,1997-01-12,01/01/2024,ublanc@breton.com,,,
fcf56188-d32e-4dcd-83bc-9478dd6ac7b8,Adrien,descamps,04/03/2001,2024-08-08,,,,mvincent@wanadoo.fr
a01ac992-7f9d-4e64-81a6-423b9f64eeed,Capucine,Samson,14-06-2000,2022-07-08,,,emmanuelle24@rocher.fr,
9bdf0377-a149-43c2-b920-264c0763fcd0,Susanne,Dupuis,12/05/1996,2022-12-21,courtoisanouk@hotmail.fr,,,
1d0bc9bd-e9b5-45cf-9766-5cdafe049059,Célina,lemaire,13-02-1998,19/01/2025,,sauger@legros.fr,,
25074181-8d1f-4540-b4ef-f5453e652603,Alice,aubert,01-05-2002,2024-11-05,,baronpenelope@leblanc.org,,
d664d264-4c6e-47ff-b9de-7a3a486822b9,Jacqueline,Delorme,04/05/1994,2025-02-07,,,,carolinetanguy@tiscali.fr
8b1e3b9d-c34b-4fbb-8d4a-75b8551ac8ea,Alexandria,Pineau,2000-03-02,2023-08-31,,,,henriettejacob@diallo.fr
cfb87e6f-e9d6-4f23-b489-d0707914f8a8,Alex,COLLIN,19-12-2006,2025-02-13,,ida-silva@roussel.fr,,
03edd1f8-74f9-4d17-a912-b4bf86a4bae4,Michelle,meunier,29-12-1995,2024-01-15,,lelievresabine@maillot.fr,,
da330aa1-541c-4fcd-9a0d-4a5f148f8b74,Margot,Joubert,2005-05-08,2023-11-30,,,,callard@hotmail.fr
4991ab9b-ebc2-426f-af34-cf65a193c4b2,Michel,letellier,16/04/1998,2022-09-06,,,samsonluce@yahoo.fr,
e746ccb9-4ca9-4f07-b1aa-0f6a2a96e1e2,Antoine,LAMBERT,04/11/2001,04/09/2023,,,agathe56@moulin.com,
deef580f-9c07-4751-9437-45092cd1586a,Alex,legendre,1997-03-10,15/03/2025,jguillon@pinto.fr,,,
cdfc6ee0-e61e-4e90-8267-deb3aab612c9,Chantal,HERVÉ,1998-08-22,06/03/2025,pichonadelaide@riou.fr,,,
4d57d880-d865-469a-b4f3-310340066ff2,Louis,Jacob,2006-01-15,08/05/2024,,alexmasse@bruneau.org,,
d47d577b-fa5a-41ca-859d-d55d4b943e30,Margaux,Delaunay,2006-03-12,19/06/2023,,,,seguinnoemi@renault.net
a2f963a3-3810-4e66-9a31-b4cccd4b69a9,Laurent,Legendre,2004-08-16,2023-05-13,,,,techermadeleine@ruiz.com
1712fb16-21a4-444f-bb7b-ee035d678bb1,Théodore,millet,27-02-2004,2024-01-24,,,,gillesgimenez@laporte.org
f1b64afe-d31e-4f1a-a9ff-1cae41c8ca8c,Christine,collet,04-02-1997,27/09/2023,jsanchez@labbe.fr,,,
6502d6a2-ca6a-4224-971e-16cc5da36f1b,Alexandre,Aubry,12-10-2003,2024-07-30,rtessier@mary.fr,,,
acc216a0-1bbc-41f7-9f18-e583f0b6f83f,Nicolas,Georges,27-02-2005,2022-05-27,,,madeleineandre@tele2.fr,
1dde7969-6886-43db-a634-8e784d5c55c7,Guillaume,LAMBERT,23/03/2006,2022-06-15,,,gferreira@orange.fr,
5efa9c5b-7421-4f46-a37e-4b0122bae10e,Marguerite,Bernier,11/06/2003,04/04/2025,,arnaudebegue@yahoo.fr,,
f396ea37-f065-4817-a87a-48509d9b6231,Roger,DAVID,15/08/2002,26/03/2025,,,capucinehebert@orange.fr,
5e09a9ee-af88-4dec-bb1e-143b196f4dfa,Émilie,IMBERT,19/06/2000,2023-10-28,,,mbaron@de.net,
0577aea9-f899-4246-98de-8ebba3b5cece,Benoît,le roux,19/03/2005,,,,,danielsalmon@coste.fr
00b9d4a3-9892-40ac-a689-33a9c9e48e8c,Robert,Rodrigues,21/10/1996,06/11/2022,,,,fredericpeltier@voila.fr
c9d6a63b-ca3c-4f5f-9bb5-c40c03cde2e3,Noël,Pruvost,15/07/1996,2023-09-03,,,,remyroux@traore.com
c72c1fe3-72c2-4a16-b9eb-4168104556e5,Agnès,Blanchet,25/12/2006,2024-10-27,,ogaudin@petitjean.org,,
0f9240e1-07f9-4d05-b6ca-6b8ba4b1f991,Christiane,Maréchal,2002-02-02,10/02/2024,,cmendes@faure.com,,
a21150f9-9fd3-4579-8667-72ce204e178c,Isabelle,Lévy,1995-06-01,2023-09-06,,,cecile89@noos.fr,
da509fed-1d4a-4d81-b3a7-d0e0cb08587d,Marcelle,Gilles,26-12-1995,2024-08-22,,,osauvage@maillot.fr,
50032b35-1857-4baf-bac7-e2b96a7e4c36,Aurélie,BOUVIER,2001-01-29,2025-02-15,honore71@hotmail.fr,,,
be9d61ee-18b8-4245-ae8f-75a117dded81,Nicole,GUICHARD,01-10-1995,2022-11-07,marguerite16@chartier.fr,,,
99b479d4-49a2-44ae-b7e8-f8e50d2b91ef,Thierry,benard,2006-07-25,2022-09-26,,,margauxleduc@nicolas.fr,
39e58ff0-92f8-47d4-8750-3f1dc33a1f6c,Susan,Gilbert,1996-04-01,06/09/2024,,antoine24@maillot.fr,,
90fa6b57-24ac-4130-9eaf-528d2e709838,Margaux,Maréchal,26/05/1994,05/08/2022,robinoceane@mallet.fr,,,
530ac1c7-b8ba-4368-8fc7-77685ebbcca5,Philippine,duhamel,22/12/1996,31/10/2024,,meyerhugues@parent.org,,
9b69554d-7c54-435f-ac8c-3b6aa974d079,Capucine,LEGROS,01/11/2001,17/06/2023,,barreaurore@jacquet.fr,,
3873e57f-0ba0-48e8-8ef4-92c1aac93316,Anastasie,Joseph,06-04-2003,2022-07-13,,,,thibautlecomte@salmon.fr
6e3f683a-bf3c-4140-bf54-a51101fa964e,Jérôme,dumont,1996-05-03,2023-11-30,,,david60@moreau.fr,
6de59332-9364-43d0-9024-bdc6dcb33df3,Henriette,lebon,15-08-1995,2025-01-07,gabriel60@dbmail.com,,,
75c8e90d-9e3d-450d-b296-d9f0cd2372c2,Véronique,blot,21-03-1997,02/11/2023,,,pgautier@pruvost.fr,
4f6e274b-deda-4027-a550-f74a1422373f,Noémi,MAILLOT,18/03/2003,29/03/2023,,,denisgros@yahoo.fr,
c6b6e4ad-e7ea-4d5a-b1a3-ac4d828c37e7,Adèle,marty,2003-04-29,15/01/2025,francoisrodrigues@philippe.com,,,
a7cf705c-c257-4f73-829d-782b2722796e,Denis,Schmitt,2004-07-18,19/12/2024,,,,kfaivre@tele2.fr
a49b1cd9-9082-489b-a1cd-e87fec955f87,Luce,ferrand,,2023-09-03,,,,brigittemercier@tiscali.fr
46510367-cbdc-4318-8d85-a3d2a1a27485,Jeanne,LEFÈVRE,26-10-2001,2023-10-17,,,celina70@tessier.com,
171dabf9-daf4-41a7-ba34-d2e8dd3f7d7e,Laetitia,Valentin,06/04/2005,2024-06-14,,jblin@gmail.com,,
a6ded1d8-9258-47b7-8f50-1889e8b77f7b,Laurent,lebrun,12-12-2001,2024-11-13,,charleslebreton@yahoo.fr,,
812a1f9b-1596-4802-b6dd-6257fb7d9f1c,Madeleine,Giraud,2000-02-21,18/06/2022,hnavarro@marchal.fr,,,
990f0c5b-adcc-4daf-969f-3ab3c6435300,Bernard,Lefort,02/04/2001,18/01/2025,,,,boulangeretienne@ifrance.com
a8149562-da00-4f16-b946-9bcf4082cbb9,Josette,gérard,17-02-1999,18/09/2023,,,adeleruiz@dumont.com,
caaa5bbe-a4bb-4962-a06e-0e1c8f158449,Vincent,Rodriguez,25-07-1999,22/02/2025,,,,xgregoire@etienne.com
7c7c404e-c422-403e-b29a-6339577bc55a,Léon,Jean,09-12-1997,2022-11-18,colletcamille@guillou.com,,,
9e374f7a-c42c-4c39-a05b-46c556363094,Gilles,godard,23-07-2005,2023-11-25,julesjacquot@mace.fr,,,
f836f571-3cce-476c-b836-c448ad261ec5,Capucine,Bourdon,2000-06-29,2023-07-05,,,,elisabethdupuis@club-internet.fr
5e2ad32d-31ab-4b56-95c9-fdc7e76adca9,Margaret,MASSE,2002-04-11,2024-03-03,renee68@wanadoo.fr,,,
331f63fb-d11f-48c0-a97c-a4fff75d599f,Suzanne,texier,02/06/2001,19/11/2022,,clercchristine@live.com,,
d88c656d-b61e-4fdb-9a43-5206ef2ddcc4,Diane,denis,24/09/2003,2023-07-05,,,,richardlebreton@nguyen.fr
0da23e5c-6a36-4f18-86d3-db93ee33688d,Anastasie,Gaudin,30/03/2000,20/11/2023,,xfaure@leroy.fr,,
eada79a3-4970-4d9a-89ce-3cfb2339ba19,Véronique,georges,1996-10-12,04/04/2025,,,npons@chevalier.org,
f0b2a5d1-8c7e-4f42-a646-eaf9d5c0244d,Nathalie,Raynaud,19/12/1997,16/07/2024,,diallosebastien@orange.fr,,
6b79afcc-3d0a-4f0c-8c39-4ec71f317405,Lucie,LOISEAU,03-06-1999,2024-03-29,,,,didierjeannine@lefort.net
0066853d-6de2-49a1-8a90-cd0c24c173b9,Laetitia,Benard,2006-07-09,2023-04-27,margotlaroche@hotmail.fr,,,
f4124360-1153-4e99-9c50-8720f982f4e0,Édith,devaux,2003-03-15,2024-06-15,,clelievre@besson.org,,
114b9547-c9dc-42b8-9b6a-810204287378,Adélaïde,Guillot,04-01-2007,2025-02-02,,,,gregoire05@weiss.com
7a8104de-b205-47bb-bb16-f75776f186ab,Louise,vidal,2005-12-11,2022-11-14,,,,sda-silva@bertrand.fr
d0be73ee-fd37-4539-a5f2-02f983f02dc7,Émilie,REYNAUD,28/07/1999,2023-05-17,sebastienhamon@begue.org,,,
e3b56360-6fdc-4bad-9e36-8127cca1b45c,Andrée,Bernier,31/05/1996,02/03/2024,,,julien77@live.com,
ba220065-1526-4718-8d18-0a824447ceab,Audrey,CHEVALIER,17-02-2003,2024-02-16,,,tristan11@peltier.org,
6d15f16f-b7b8-41a5-9a45-693d7227890e,Jacques,BLOT,06/07/1999,2024-03-08,,udupont@live.com,,
a3b442bd-4649-4296-af58-42c3ff86cc31,Sophie,Boyer,03-10-2004,2022-08-13,,,denise20@laposte.net,
08e895d7-702c-4821-8804-0fb7ad973b67,Gilbert,Mercier,2004-08-19,20/04/2023,,,alice90@laposte.net,
5f3c44dc-5ef7-47b8-b2e6-195f732e2016,Capucine,Ledoux,06-11-2005,16/08/2022,anastasie54@noel.com,,,
8fc9c86b-e9dd-4bf5-a311-9aca848af440,Georges,Charles,14/10/2002,28/05/2023,,julietterenault@tiscali.fr,,
12f5131a-da52-42ee-a2bf-18f51f652a87,Catherine,Giraud,13-09-1997,2024-03-10,,margot51@ribeiro.com,,
a3404f08-b341-41b8-ad65-22b4b5a5f8e6,Jérôme,Étienne,29/05/2006,2024-06-17,,,bourgeoissophie@gomez.fr,
cdbcc653-77a7-48b7-9e70-f65f9280c5aa,Françoise,Dumont,21-09-2003,24/11/2024,,,ruizanastasie@laine.fr,
20156a72-12e1-43a6-932c-ae01d2c65ee4,Timothée,clerc,2001-04-06,2022-08-12,,hbazin@live.com,,
8d2238e6-c7bf-4fbc-943c-dd6de0c1ff1e,Lucie,Coste,24-06-1996,,,dgaudin@paul.org,,
b596ca7c-ef4a-4a88-9299-e5052976aab2,Maurice,Perrot,05/02/1997,03/07/2024,,deschampslouis@bouygtel.fr,,
8892042f-9d4b-4bf9-8d85-e9c7a0017720,Éric,gaudin,04-06-1996,2025-01-08,,jeandelmas@thibault.com,,
,Pénélope,Verdier,12/10/1994,2023-06-04,,omaurice@mahe.org,,
3eb05181-7ba2-4588-8d56-0a3df4e7069a,Susan,Pottier,20/03/2005,09/01/2024,,,slegrand@gmail.com,
76e5ae78-7bf7-41d3-aa66-2fce7089fc6d,Lucas,Leblanc,1996-12-26,16/11/2024,,michelle55@dumont.fr,,
3de28859-51b1-443c-9b2e-dedb8fc85fc0,Chantal,Rivière,2003-01-21,08/06/2023,,,guypereira@gmail.com,
9d896047-dd39-4793-a257-a4a2f204be89,Astrid,Menard,1999-03-27,2022-12-23,,laurent27@wanadoo.fr,,
7f53a88e-4efc-4248-a10b-1a477faeb748,Alphonse,Robin,2002-03-28,20/12/2023,martinguillon@live.com,,,
98f6fd7f-7eb1-42f1-8806-f8040cf0374c,Zoé,guibert,15-02-1995,2025-02-26,,,,elise01@noos.fr
5da39a73-ba3d-47ff-83b4-7ee5e1e89e7e,Paulette,ANTOINE,1996-07-29,2023-11-08,,,,kroux@etienne.com
8cc36f3b-c3af-4cfe-b34a-6ca38116e3fc,Roger,FERRAND,13/11/2000,10/03/2025,etiennecarlier@maillot.fr,,,
8255da61-9a3b-4319-b2f5-751024eeb4a6,Andrée,Charrier,2007-02-21,2022-06-20,,,,dos-santosmichele@reynaud.fr
23c8afdb-83f8-4f16-a4a4-474c9b33e3a4,Victor,Raymond,30-10-1996,26/08/2023,vchauvet@allain.fr,,,
7d66971e-8847-4c56-827c-9f8cd40ac5e9,Mathilde,Thibault,05/12/2002,28/07/2023,,,,tessiervincent@yahoo.fr
e61599c8-cbf8-4f86-8ec3-f970956d80e4,Monique,LAGARDE,2001-05-20,2024-12-21,,paubry@mace.fr,,
9ea7017c-b89f-4039-a107-cc4686341718,Philippine,Gillet,1997-03-13,2022-12-04,,baudrymartine@aubert.fr,,
b0c4a01c-69b7-40fa-a6c4-32f66b352f85,Lucas,bouchet,20-08-1999,2024-06-06,,,munozguillaume@wanadoo.fr,
a987b218-ff84-4aef-9336-723b8f964685,Christiane,laine,28-10-1997,2023-11-25,,celinerossi@dbmail.com,,
de1e994a-c5a1-4f5c-ad05-b9125ab28d4a,Michelle,Bazin,04-08-2003,12/01/2025,,,polivier@bouygtel.fr,
f910abb3-f105-4252-b990-e2c94c6a70f4,Théophile,Pires,16/10/2003,11/07/2023,,eprevost@vaillant.org,,
8b0e8eb1-ad37-4d9e-92cf-60211f33242d,Alex,Delaunay,12-03-1999,07/10/2023,augustin41@pichon.org,,,
d3f4a49b-33ba-4a88-b6c7-d6fa7aa4f052,Élise,dupuy,04/01/2007,2024-09-08,,,franckchauvet@orange.fr,
87f255d6-e7ba-46ac-ab7a-3d1c0cfef683,Maurice,Diaz,03/06/1998,15/04/2023,,,,pasquiervincent@roussel.com
edd97a1a-fa58-4b27-8ce3-e7c3f6eab3a0,Hugues,Cordier,1994-05-21,27/01/2025,,mgilles@club-internet.fr,,
e86e8e63-0f25-477d-a559-90e74910fade,Pauline,Blanc,05-10-1999,2025-01-26,,,,rogerarnaude@da.com
4a1a81f5-ed10-4004-9f4e-713ef64e3dfc,Auguste,PETIT,15-01-2007,26/07/2023,,,,
54a7b69b-1cd6-4b09-8f0e-6d2b315c167a,Isaac,Foucher,09-12-1998,2024-03-31,,,alexandregallet@dbmail.com,
317304b5-c1dd-484a-aca5-8d95915a1c30,Jérôme,bourdon,26/04/1999,05/01/2025,,,ubuisson@hotmail.fr,
fb4fb88a-2f4d-4219-986b-2880ab545a15,Guillaume,martel,11/02/2001,03/09/2023,bertinalice@cohen.fr,,,
02ed73ce-92a8-4713-b90e-d44b951c25d5,,guibert,08/06/1999,2023-10-29,martineaugeorges@le.com,,,
e5267a2b-ec50-4ce4-80a5-2e65afa28559,Maryse,Pires,2001-03-12,2023-08-15,alexandrie93@lucas.fr,,,
6a74dbb7-5fa5-40aa-9b11-b530fd247c11,Martine,Dias,07/01/2007,19/04/2024,,,,maggiefaivre@laine.fr
0fcf601f-1cb9-473a-906d-5c8cead08c89,Véronique,LÉVY,17-08-1995,12/06/2024,,jacquesmillet@ferreira.net,,
e61d9cde-1747-4387-bd23-d47995492a82,Danielle,Cohen,29/06/2006,2022-07-14,,,deniselegros@tele2.fr,
ac3a812f-765e-4cb5-8f0d-55400ec7d662,Susan,Le Gall,22/11/2003,22/05/2022,,,,therese03@hotmail.fr
105291d3-b34c-4c73-9833-0b306c776e95,Élodie,LOPEZ,25-01-1995,2022-08-04,renaultanouk@free.fr,,,
bab2b77d-fa74-4cc8-a43a-fb7ac40d4874,Madeleine,De Oliveira,07/08/1996,2023-11-21,yhoareau@hotmail.fr,,,
8a0f9508-dfe2-40a0-a96b-3c42f6d22a7b,Grégoire,guibert,29/11/2005,2023-10-11,,,elisecarlier@petitjean.com,
8b60c511-b816-4aeb-ac6a-7c8576876c62,Audrey,Rossi,16/05/1999,29/11/2023,,,,celineperrot@baron.com
9d6b9b62-6b53-4a19-a902-b73fcf39f648,Pauline,Durand,1994-11-05,2023-04-27,,,,rousseljeannine@cohen.com
705fddf5-66fa-4ca0-8b53-1932bd9419aa,Nicolas,gimenez,17-06-1998,2023-03-22,,,constancecharpentier@foucher.fr,
fc568b53-24ac-4722-a052-77394d406f1b,Margaud,Dijoux,30-04-1998,28/03/2023,,robert08@free.fr,,
7ee1011a-8e4c-4ab5-ad5d-0477adc29178,Benoît,Barre,11-12-2004,2025-01-12,marthe66@laposte.net,,,
89b5aab0-c121-49db-af12-b150605fb1eb,Christelle,guillot,26/05/1999,04/04/2023,,,,susanbarthelemy@gmail.com
8eaa5841-6aa0-426d-b7c0-d5f769a53b4f,Éléonore,LUCAS,12-11-2003,13/12/2023,,lucas51@lemaitre.com,,
0d31812e-30c3-4756-9453-f867b97e6224,Reén,Hoareau,30/05/2003,2025-02-28,rochesuzanne@voisin.org,,,
f64ab6ec-30a5-448e-afe9-b3d0363908bf,Nicole,Lemaire,23-07-1994,01/05/2024,anastasiedupuis@diallo.org,,,
5bf86f3c-a612-4a1c-889d-4b76775c30b5,Thibault,bertin,09/10/2000,29/10/2023,,,zperrin@tiscali.fr,
340029c3-ea11-405b-91fa-cefad6f89f7a,Alexandrie,BOUVIER,03/04/2007,22/01/2024,,nicolerodrigues@bertin.fr,,
3ae28023-5472-4d2d-b239-9ffb27046f25,Alex,Colas,27-04-1999,2023-05-05,,pierre77@tele2.fr,,
2b54ff7a-5a28-47b2-8b83-83f2bb96f602,Guillaume,Fouquet,27/02/1997,15/08/2024,elodieclerc@gmail.com,,,
13075157-d8c1-48e7-96cd-315508a8ac7f,Thérèse,Laroche,18-03-2003,2022-07-03,odos-santos@mercier.com,,,
0f79a8a7-5f8a-44bd-b4bd-0c938177b661,Laure,DIAZ,07/01/1998,17/02/2025,,adurand@noos.fr,,
465568b7-b8e1-4f56-8787-ea2104482a22,Élise,Renault,1994-07-01,15/05/2022,,,,franckpereira@wanadoo.fr
86c5d1d6-9ea9-4508-b122-75923db02235,Philippe,MONNIER,1996-10-30,2023-06-08,,,,bessonanne@tele2.fr
39d1c7ff-b27e-4442-bd7f-e9733e42df5b,Théophile,POTTIER,28/11/2003,22/08/2022,,,lebonalex@courtois.fr,
2bdfcb41-b3ed-48f1-826b-5383a301ec03,Émile,DIDIER,02/04/1995,2024-02-22,evrardaugustin@orange.fr,,,
e336c243-b139-4476-9e3c-e88be6b9d31a,Hélène,ollivier,22/11/1997,2023-06-14,pottierroger@colin.com,,,
d218c9d6-c093-4fb0-a4e9-bcfd9647ff9f,Michèle,Chauvin,1997-10-27,16/08/2022,genevieveguillot@ifrance.com,,,
6243bed7-54ec-4f33-8a62-4cbde582b678,Olivie,Rousset,24-10-2005,22/11/2022,,,,bernard16@sanchez.fr
c8969c5b-45f8-428d-a255-e1bb07958c1f,Catherine,Marin,07/11/1999,2023-04-08,,,llesage@ifrance.com,
cc4d5819-4b9d-4d58-9e5d-9c7ac5acc354,Paul,Delannoy,03/10/1995,2022-08-11,,,,honore62@prevost.fr
4eea9db8-f165-4779-8154-7950176de21f,Capucine,Alves,1996-02-10,2023-06-12,,,,emmanuellemoine@pons.fr
8de1596c-5a9a-406a-96f1-42a206b919aa,Éric,godard,20/01/1996,2024-11-03,srichard@noos.fr,,,
e6b0da0a-b98f-4dbe-95ae-de0fc777a07f,Gabrielle,,22-11-2000,23/09/2024,,iroy@hernandez.org,,
6f46f1b1-2ace-4aa9-9032-46b3255bfc1c,Robert,De Oliveira,08/09/2002,28/07/2023,,,alvesphilippe@orange.fr,
9dde0188-9803-422e-beec-e88da002352a,,Albert,2006-07-24,,,,aime65@boulanger.fr,
dc08bf29-d2d3-4488-90c3-00186e3cdd4f,Manon,VALENTIN,28/12/1999,2022-11-16,,josette37@dbmail.com,,
51b30182-f7fe-404f-a5f3-0779f6ee5cdb,Stéphane,guyon,26-04-1997,02/04/2025,,,,victormallet@bouygtel.fr
905881df-ee9b-43e1-9d27-c09a5d71a898,Luc,Allain,2000-12-24,13/08/2024,petitjeancelina@navarro.com,,,
a2224f96-23a1-4e20-bfd2-55eeac484366,Thibaut,GUILLOT,04-04-2001,2023-05-16,,ehoareau@joseph.fr,,
ec6a37ad-81b1-4db9-88cc-4d49669b29b8,Marine,Humbert,14/03/2004,10/08/2024,martine89@nicolas.fr,,,
902f3465-0b57-4720-9cd8-758ba5a1c825,Madeleine,labbé,15/02/1997,17/01/2025,stephanie61@voila.fr,,,
bf31c29f-82bb-4d84-b8d5-101f423cad9d,Diane,Pascal,1995-12-22,2024-10-06,,,,zbesson@leleu.com
1ac3bf31-7b96-42d1-8649-bcf6ff69723d,Théodore,legros,01-03-2000,2022-08-30,adelelanglois@pineau.net,,,
18fdd2b9-79e5-49aa-992a-35497ba109d0,Brigitte,Mace,01/03/2003,05/04/2025,,daniel40@yahoo.fr,,
1bff3142-a5e1-4b55-97d3-f4ddd963dc72,Margaret,Gaillard,1994-09-06,2023-05-02,vincentvaillant@pinto.net,,,
a3f66c61-2fb7-4dab-af38-3b43a137f8e4,Margaux,LESAGE,2001-03-09,24/12/2023,,catherineallain@perrier.com,,
c0986750-4741-4b48-b4ae-4abd36fce0ac,Maryse,ANDRE,15/04/2006,01/10/2024,,,aimeegermain@albert.fr,
98d3148b-503b-4078-a39c-9ec6f7464c02,Amélie,Bourdon,2003-04-11,2023-12-19,adrienne79@maillet.com,,,
3d131a3d-1e2c-4e7d-902c-f0ee224a66a6,Thibault,FERREIRA,2005-09-24,2023-01-28,,,daniellechevallier@noos.fr,
,Julien,Coulon,11-06-2004,2024-12-31,,,,claudineherve@lemoine.com
22f3f068-7c0f-449d-8274-0f73f3abea0d,,Jacob,2000-05-27,07/09/2024,fpottier@noos.fr,,,
2ad11fe8-7d1b-495e-b1a0-449dd703262f,Émile,Moreno,18/05/2006,05/06/2022,arthur43@roy.fr,,,
7eccdaf4-c413-4dc2-85c5-ae8abe15ad12,Emmanuelle,GROS,2003-12-02,2022-10-11,philippine85@samson.fr,,,
1a37f6bd-6cd6-4011-bd61-f13b37f25d36,Nathalie,Guibert,2003-08-04,2023-05-08,,lebretonremy@live.com,,
1e0d02b5-fe74-42cd-9d83-ad037066e289,Philippine,gomez,1995-10-11,11/03/2023,,ngaillard@laposte.net,,
0f321333-ce31-4937-b4fa-32b6d0437e4c,Hélène,Marty,23/10/1997,23/07/2024,,,tristanfischer@club-internet.fr,
dba6fdf8-f3d0-4ffb-8470-9848929ecc92,Denise,Potier,21-03-1999,13/09/2022,,,,rlopez@boutin.com
c2efeecb-3f5f-4f4f-9417-62305274ee11,Zoé,LABBÉ,26-05-2006,20/12/2023,,,,hortenselefort@bouygtel.fr
135508d0-73b5-4ad5-a00b-4b356a0aa7d5,Luce,LECOQ,23-12-2004,2022-09-10,marine57@tiscali.fr,,,
c62dbaea-de70-4d30-80a2-136794fb09f0,Camille,Peron,12/11/1999,10/09/2022,,,,claude18@ifrance.com
363be5cb-d329-4724-adfd-171af7d7465d,Clémence,royer,1998-01-01,2023-09-02,,,emmanuelle92@tiscali.fr,
0c648ca2-c323-4466-aebb-b90ee4e751de,Benjamin,PERRIN,22/02/2000,2024-12-16,,,,denishugues@tele2.fr
6d84414d-f541-41ea-bde9-1c42002c4c22,Luc,lagarde,23-01-2002,2022-11-09,,,,robertmorin@live.com
e75f745a-aa1d-4fc6-9f31-273d1519830c,Manon,Gaillard,22-07-1998,08/07/2022,,monique36@hotmail.fr,,
7a10013f-36a2-452b-8047-3139185df528,Denis,payet,08/04/2006,2024-10-27,apetit@mathieu.fr,,,
3a9c4308-1221-4ddf-ba4a-902f21d63b0f,Alice,Blanc,07/02/2006,25/09/2022,,alexandrie42@becker.com,,
11836c4f-2492-44c7-ad58-db1bfe31537a,Éléonore,thibault,2005-03-18,2022-05-02,,umarty@techer.fr,,
379d58f9-dc26-4108-b140-11a1afc2ccfc,Emmanuel,Roussel,2004-10-11,22/11/2022,,,bmarty@joly.net,
8dab66d3-3f87-4fc2-9591-52f2a505da9c,Joséphine,brunel,1999-01-04,2024-11-17,,delmasthibaut@sfr.fr,,
bf72ae52-304b-4370-8270-12389b5f8f39,Anaïs,Collet,08-02-2003,16/01/2025,,,clemencecollin@guillot.com,
fca45567-0316-42d6-ba4a-58efe3837348,Agnès,Prévost,14-04-2003,2022-11-10,ipoulain@free.fr,,,
c536c66e-fcc4-491b-b457-07c678946a15,David,DURAND,10-04-2007,17/10/2024,,,,charlesmartin@lopez.org
6a59c043-c461-4234-8044-beb2b66edbf4,Audrey,BOUTIN,2004-12-27,03/01/2024,rogerperez@chevalier.net,,,
9620bee6-6406-4ace-93a5-e8508950ddd6,Luce,Ledoux,1996-12-09,22/01/2025,marthe63@moulin.fr,,,
0e165b12-9bdc-40d1-9cbf-7b8c74102d5d,Thierry,Martineau,08-04-1996,04/02/2025,,,,richardmathilde@boutin.fr
d28fcf68-c871-47b3-8468-b74d85e3ade5,Michelle,POIRIER,12-03-2000,2023-01-03,,,,
e65fad87-c57c-4498-9e38-f711e2ec13f4,Antoine,DANIEL,2006-10-07,2024-02-14,,,,charlesmichele@hotmail.fr
0e3141ec-5c31-4464-82c2-99f07487d772,Colette,Duhamel,26/09/2002,2023-01-03,pierreleleu@yahoo.fr,,,
3a78b64a-1d86-40cb-b908-00f3ac93281a,Nicole,GRÉGOIRE,23/01/2004,2022-04-22,,moulinbenjamin@marchal.fr,,
db842660-f5d8-4b91-ae60-81ac2dd0622e,Auguste,Lenoir,06/11/1996,2025-01-31,tristanmenard@noos.fr,,,
13f06822-d374-4a11-8571-295951e744e4,Henriette,Guichard,20-07-2006,21/10/2022,,mauriceblondel@marechal.fr,,
53c9fe59-4f89-43b2-9847-dc53c605e58a,Emmanuel,Lenoir,1999-02-06,28/03/2024,,,,luc49@rousset.net
7e4ce29f-f8cb-4b4c-9779-0e845e472e22,Pénélope,Diallo,10/03/2002,16/02/2023,aimelejeune@rey.fr,,,
0274ce40-e090-46b6-b186-a5a8d6ee526b,Xavier,Martin,11-02-2005,03/02/2025,,,,francois38@orange.fr
f8f9a45d-0f55-4896-b610-396b7df59abf,Guy,Mendès,09/06/2001,2023-06-27,,,,grondincamille@bonnin.fr
94ad6252-15bc-4a3e-bf76-55d7f97c6c3c,Étienne,Bodin,04-02-2002,2022-11-12,allainhelene@gmail.com,,,
3c9d128a-2176-4930-b6d7-0248a995ecc3,Stéphane,BERTIN,2001-09-11,2023-08-21,,,,timothee74@orange.fr
c7a9f33c-22d8-49d3-b3e4-f986f18cccdc,Pénélope,MARY,27-07-1995,2022-10-05,,,gaillardcatherine@bouvier.fr,
c534ca08-f6f2-4d1c-9bb8-b9c8893259f3,Marc,sauvage,08/05/1996,10/08/2023,,,,dominique11@free.fr
b266986c-b467-48bd-938e-13e44de1087b,Josette,FOURNIER,19/12/2005,19/03/2023,,ericmendes@orange.fr,,
ad5be3c8-0c88-4714-8372-17e0657046ea,Théophile,BERTIN,07-05-2000,14/01/2023,,jsauvage@gauthier.com,,
c7ecfe71-d493-47fc-8fc9-8d2e030f9be9,Matthieu,Dumont,12-05-1996,2023-02-20,,marianne19@bouygtel.fr,,
329fc417-1081-4d45-bf45-f8a20594b24f,Madeleine,Hebert,28-07-1995,2022-11-05,gerard07@roy.fr,,,
61fa8e7a-078c-46ce-bf02-23bc651ea252,Maggie,Launay,15/08/2006,12/01/2023,,,,julienparis@bouygtel.fr
9d3616a1-08de-4921-a60c-b547e2280fe3,Laure,Chauvet,19-11-2001,05/05/2023,,jbouchet@tiscali.fr,,
2321e64e-620d-4a1f-879f-66281674eb65,Astrid,Bourgeois,02-05-1995,11/01/2025,,,,webersabine@voisin.fr
5254aad3-809c-4839-90ce-82e8e9a53368,Amélie,Dupuy,24/02/2000,23/01/2023,,,jeannine30@boyer.fr,
ffe62994-9580-4c2a-844f-c4b85b80b8d1,Nicolas,Leroux,21/04/2003,21/09/2022,,renejoubert@salmon.fr,,
d86065a2-fdd5-40f8-96d7-44fdef69a980,Jérôme,schmitt,01-05-2000,2023-04-21,,,,jeanne05@laposte.net
fcedf994-d631-4383-b030-14d0f2c84743,Suzanne,teixeira,17-11-2003,2024-08-08,,claudinemorel@hotmail.fr,,
051a0039-3803-4cee-9a06-92953b8d3447,Édith,Martel,1995-04-03,2022-04-20,susandumont@dbmail.com,,,
d8230076-cd6b-403b-ab35-37a02d6e0291,Tristan,lopez,,23/05/2022,,,philippinemasson@legrand.fr,
96053035-6545-4030-a981-fa54f121e129,Eugène,MARQUES,2006-04-13,2023-07-31,,huguesfoucher@noos.fr,,
51397c06-a630-4d9d-bcb9-23f5f5edf382,Jérôme,Neveu,04/03/2005,08/09/2024,margotpruvost@free.fr,,,
4b657bcc-b041-4f19-bbe7-18354e8bf78a,Gilbert,Schmitt,2000-09-25,21/04/2022,vidaljosette@dbmail.com,,,
1aa6f7cb-90c7-46ac-a3bf-e403388c9751,Colette,blanchard,2004-09-11,15/09/2023,adelaidejulien@bousquet.fr,,,
3fe1e8f3-35ad-4e88-83e4-f66802ead2df,Marine,MERCIER,23/11/2001,2023-10-15,fouquetadrien@gmail.com,,,
f8170ebf-6b6e-44c5-bb8a-a843702f31e5,Jacques,Pasquier,11-11-2000,23/05/2024,,emilie61@tiscali.fr,,
39bfca38-afe9-4e90-821c-3fb3a6a5f0ff,sIaac,Sauvage,17/02/2004,11/08/2022,alphonse54@legrand.com,,,
8c0b393a-1333-4bc9-bb63-5ff529310971,Éric,MAILLOT,07-09-2000,27/10/2024,,,perretmarcelle@free.fr,
0db5d441-2837-4418-af27-c1b9e3c6dedb,Eugène,,17/08/2004,04/03/2023,,,,jgrenier@peltier.org
64953d5f-0cb4-4891-988d-f23b3ccff6eb,Henriette,Dias,10/05/1999,2024-05-20,,,,alvesadrien@fernandez.org
331de35c-7af6-4d41-99a7-b99ba005f5e1,Étienne,michel,23-07-2005,2023-03-06,,,,edouard71@chauvin.fr
1754bf08-43d7-4413-a939-ebd1e516b0d4,Lucy,devaux,14/08/2002,2023-12-12,alex52@bertrand.org,,,
d64acb1f-39eb-438a-836e-3c49770e09db,René,thibault,11/10/2001,2022-07-23,clementmarguerite@allard.fr,,,
0f9ca17b-8db8-4adf-ba3e-46b096f84ff7,Zoé,chevallier,02-03-2007,08/07/2024,,pbaudry@tiscali.fr,,
da9bccc1-e71c-481a-a511-e61a143665f5,Michèle,fontaine,20/05/1999,06/06/2024,,,,boulaycaroline@brun.com
aee14f87-fcff-49e3-940f-f5896c624c2c,Bernadette,Renaud,1995-01-09,2024-12-18,timothee11@berthelot.fr,,,
850a48d4-46b5-48de-9b4b-b8eb537d0bd1,éCline,Richard,09/09/2003,2025-04-11,,,legroshenri@laposte.net,
f6ff3521-c225-4530-952a-53459682d9ff,Eugène,Gautier,2003-12-08,,,,elise56@jacob.fr,
2c154804-0997-49a3-b919-955c9be4f19f,Robert,antoine,11/01/2004,2022-11-28,,delaunayvincent@orange.fr,,
44c1f1b5-ebbb-4763-b9a7-e63bbee975da,Alix,LEFEBVRE,19/02/1995,25/09/2023,,,,roger71@orange.fr
716fb276-be64-4c2a-b966-71a54cec495b,Philippine,LEBRUN,01-08-1996,2023-06-11,,rochecapucine@sfr.fr,,
84396fc0-c26e-4706-bc05-9799bdae8eff,Alix,Lefèvre,2001-03-23,27/06/2024,,,langloismathilde@dufour.com,
3362d476-d53a-457f-a00b-d5343158f1fb,Virginie,Boyer,02/04/1997,2023-05-11,,xgirard@paris.fr,,
07d2fd4d-ae61-416a-9fb6-21aeec4e8cbb,Olivier,guichard,08-02-2005,2024-05-17,,,christellecoste@live.com,
42378962-e4fd-4c34-9670-7a2129dc073e,Océane,Lagarde,26-02-2000,06/09/2022,collinbenoit@free.fr,,,
db6ba39b-36dd-4529-b704-d72fc7a2f280,Matthieu,Jourdan,2004-01-12,03/04/2023,,,manon68@valette.com,
2c56e0cd-a5ba-4472-a1df-5609e959137f,Joséphine,petit,12-05-2002,01/04/2023,,,michele46@ifrance.com,
7779857f-37dc-4c78-8082-fcda7580e4e9,Thibaut,Labbé,2000-03-24,2024-07-05,,,,robertdanielle@live.com
485d831c-9bea-4529-9801-7a2fa5b83693,Théophile,pottier,06-11-2003,03/10/2022,,marquesrobert@dbmail.com,,
f3c2944a-b60a-4dcc-a7f7-745142da8609,Manon,léger,1999-01-03,2023-02-05,,bertrandbrunel@peltier.fr,,
a7c854e4-0684-4c86-b8a6-040223d26b8d,Colette,Collet,17/11/2005,2023-05-27,,,vchevallier@gmail.com,
d0e656e5-9271-4f6e-bea8-2e3ab54401cb,Laurent,Le Goff,2004-03-19,30/03/2023,,,corinne42@free.fr,
bdacdc5e-20c0-4275-b885-187d18fc83b7,Raymond,PAGES,1999-04-18,03/09/2024,,marcelle13@hubert.org,,
5f269466-54d1-432a-a308-2ddcc9c04b7d,Raymond,Mary,13-06-2001,2023-07-19,,,,lelievrebernard@hotmail.fr
1eac41d9-801f-4909-b1cd-9f6ee3b16d36,Maggie,WEBER,01/05/2002,20/07/2024,,,,jvincent@laposte.net
91c46efc-fcb8-46bb-a8c0-cbef57b936b0,Céline,Meunier,1997-09-14,23/08/2023,,,coulonxavier@bouvier.com,
c606ddc4-c2dd-401d-b59a-15334605ec0e,Jean,verdier,2001-12-26,2022-12-21,,,,dumontlaetitia@noos.fr
f71fb9a6-6dd4-4c96-a744-cb9e6dedcba5,Christiane,JACOB,27/01/2005,26/04/2022,,,nathbesson@lebrun.net,
bbcd6c18-a06e-4de5-810e-4265ad3f5dd4,Paul,jean,08/08/1994,2025-03-31,,,gilles16@wanadoo.fr,
d2e76deb-10b6-4662-aac1-d5ca4e5d8f12,Benjamin,Léger,2004-04-23,14/07/2023,bernadette25@tiscali.fr,,,
f2b5a7ea-2a35-4e30-b03c-b04bc0079336,Suzanne,Antoine,29/05/2000,18/05/2022,,nathaliepayet@peron.com,,
cac8d87e-a689-407f-b60b-4f875dd8effc,Auguste,MALLET,23/05/1996,2025-01-07,valentinbenoit@yahoo.fr,,,
b0937085-0c59-41f8-850d-cbfed60bf603,Gabriel,Delattre,2005-06-01,09/03/2024,levyphilippe@tiscali.fr,,,
af8ca888-b1f8-4ad9-b49b-508927335670,Louise,petit,28/03/2006,2023-07-30,,,,
6b382a0a-231d-460b-b362-cd559b0ada0b,Véronique,Duval,2004-11-21,2024-06-21,,,gabriel17@raynaud.net,
290e3e89-4b9c-42f4-a8e5-c8cdb4146e4a,Augustin,Lévy,21/05/2000,29/05/2024,premy@richard.com,,,
7e7d9a19-ab45-4578-92fb-acf6d5d1c669,Henri,robin,1996-03-05,2024-06-21,,boucherlucy@pineau.fr,,
dfc7ab26-2cb9-41fc-902c-75f9198d13a4,Augustin,CHARPENTIER,1995-02-24,30/10/2023,,hrousset@yahoo.fr,,
da1c96ae-0279-42ab-8bbf-6334e3ea2d7f,Guillaume,dupré,2007-03-13,2025-01-18,,,,agathe79@peron.com
1d24181c-2ed0-47d4-97bc-ad3ad0a17fe8,Andrée,Alexandre,20/08/2000,28/03/2024,,,eblot@noos.fr,
1cf14654-2ab2-42c2-8c02-43c6e2d903c8,Gilles,grenier,02-05-2005,19/07/2022,,,,delattrejeanne@colas.fr
5bcd236c-c777-4fae-a137-58c39c7faca6,Juliette,Leroy,,17/03/2025,,hcoulon@besnard.com,,
032a09e0-5071-45f0-a7ac-590c42f90f92,Maryse,POTIER,17-05-1995,2024-07-12,,,,diane89@lesage.net
a4331510-ad21-44cc-a9e8-f0d8588309de,Alice,gérard,30/06/2002,02/09/2024,weisshugues@costa.com,,,
3dab1614-5215-4ed8-bddc-a413c05db774,Vincent,Lopes,1995-07-28,06/07/2022,,,pantoine@jacques.fr,
50e96888-7273-4e7b-bf9a-d277db496e6d,Georges,mahe,1995-10-17,27/01/2025,,,antoineantoinette@pascal.com,
9e7b1e95-f692-441a-9aad-10cecab24f24,Lucie,Bailly,04-11-1995,16/06/2024,,,,xleblanc@hubert.fr
791f49f6-9996-4612-9ea8-7552c47566bf,Michelle,DESCAMPS,29-10-2003,04/11/2023,,,,pereirapatricia@orange.fr
a2379e6f-d473-4534-9aea-635257632e1e,Susanne,Klein,02/05/1994,16/08/2024,,,lambertjacques@tiscali.fr,
b8b818cf-be15-4187-b783-e1d5d26404b9,Anouk,,1996-09-07,19/05/2023,georgescarlier@albert.fr,,,
ed376567-0be7-428e-aa1a-ba9dc1d48a10,Luce,maillet,17/02/1996,2024-10-19,,,,qalbert@didier.com
95ca788d-d6bc-4712-aecc-a931ef705d01,Christine,Grégoire,16-09-2003,2023-01-19,,,francoischevallier@bodin.fr,
b148b2a6-ea79-47e1-9be7-02abfac08fc4,Paulette,menard,02-06-2001,18/06/2023,,,,theodore72@laposte.net
bf98e734-e2ed-4686-b334-22cb9a3f0ad1,Denise,RIBEIRO,26-04-2001,2025-04-12,,,,luclacroix@club-internet.fr
21f6c63d-ac20-4f11-abd3-3927586528e6,Mathilde,Delahaye,23/12/2005,20/01/2023,,samsonadrienne@tiscali.fr,,
b5caa993-aaca-4101-b153-0f689215583a,Arnaude,Parent,18/03/2004,26/07/2024,hrichard@yahoo.fr,,,
ab95c72f-0d95-4af5-a534-21bc6180b78a,Bertrand,Bourgeois,23-09-1994,07/06/2023,maggie42@blot.net,,,
d06405a8-5bd2-4cb1-8845-3b2f8a8a4105,Catherine,Henry,12-02-2007,01/12/2024,,,,ggomez@jacquot.com
c9c1ad45-f4ea-4b97-aaa4-15b56336c815,Marianne,Bouvier,15/10/2000,2024-08-23,,,bernierphilippe@legendre.net,
5e244824-a5cb-4c6e-b5a4-c55bb4629214,Olivie,Pruvost,29/01/2005,15/08/2024,,,theodorepons@normand.com,
0a670143-6090-403c-9e8d-f8ad838b77ad,Aurélie,Lopes,,2024-08-30,isaacmary@bouygtel.fr,,,
efffa2f4-b5ae-429d-b761-7d80549fc34c,Honoré,Fournier,24-05-1994,13/12/2022,,beckerlorraine@club-internet.fr,,
5bab7f4a-8cd7-4c27-929a-f586ca376c36,David,neveu,2002-08-23,2023-08-25,dorotheemercier@legros.fr,,,
369e5af8-e226-49ee-b8a0-6ffe597278c5,Margaud,RÉMY,1995-11-11,2023-09-15,,,martin98@tiscali.fr,
a6388854-fb2b-4b80-808b-d674d2dd3e26,Alain,Noël,06-11-2003,2025-02-21,,pguillot@orange.fr,,
61a1a29c-5228-4d8d-a2ba-9fceaebbaf9c,Stéphanie,noël,1994-12-22,2023-12-09,,,andre85@wanadoo.fr,
4be318a8-0b39-4ccf-bc9f-3bc37210045a,Manon,olivier,14/12/2002,2023-08-29,,,,brunpenelope@toussaint.net
dd6d6b41-3692-4531-8609-7cd8a127dc6b,Marianne,LAMY,2005-09-13,2022-09-27,,ejourdan@laurent.fr,,
2d90e4ee-0de4-433e-92c0-620c1667c518,Stéphaine,Deschamps,10-12-1994,01/09/2024,,raymondcordier@lebreton.fr,,
ac5d4e57-63b6-44f4-8452-f77950ffde64,Georges,Joubert,30/08/2001,2022-04-28,,,,bonninclaude@pelletier.com
9b47e639-4d25-41eb-af95-be79c971bf51,Emmanuel,carre,24-03-1999,2024-02-27,,,,bpeltier@tiscali.fr
bf2b43b4-22e9-4527-b849-1ecc889157fd,Anaïs,morvan,15/12/1996,2023-07-21,,,,margaret50@denis.fr
4e003d55-15ca-4faf-b26d-3dd38c2aa0b1,Marc,Bouvet,2003-06-08,2023-10-05,,,,gimbert@renard.org
ccb68571-abc5-4545-ae6d-7a041d57e734,Hélène,VINCENT,08/08/1997,2024-08-18,charpentiermarguerite@hotmail.fr,,,
94a1eab0-b9c0-47aa-b289-f58b1923cafc,Claire,RÉMY,24/07/1998,25/10/2023,,eugenejacquet@leclercq.fr,,
4e40bfba-a8cf-4589-9dc8-9e1a540e7d01,Marine,mary,18/12/2001,11/12/2022,,,aurelie20@dbmail.com,
bd64987e-b652-4e99-b8b5-e89ac921057c,Lucy,Nguyen,26/06/1998,22/06/2023,,,,margaretperon@dbmail.com
c65720ae-5bd6-4d4d-b202-fae5767d3b27,Thibault,Coulon,18-06-2002,22/08/2024,,,madeleineseguin@guyot.net,
139309d1-a06a-487d-a2e6-e7a6bbc99473,Nathalie,sanchez,1998-10-10,17/05/2022,,,,llecoq@da.fr
,Maurice,leleu,03/06/2005,20/10/2024,,,,celinacharrier@wanadoo.fr
02b622e9-808e-48d2-9d26-4b1b6593b659,Margaud,dupuis,1995-11-02,2024-11-27,,,carolineleroux@moreno.com,
5bda0655-f06d-4a24-bbc6-e121bb64a525,Augustin,Vasseur,2006-10-25,15/05/2024,,aubryalexandrie@dupont.fr,,
e1ad640c-7463-435e-aafb-9f20783c91eb,Benjamin,Fournier,24-11-2000,20/01/2025,,fischerdorothee@bouygtel.fr,,
91f60406-8b5a-4683-9421-30904368ae93,Jérôme,Mallet,02/12/2006,28/01/2025,,,,jacqueline18@bouygtel.fr
8430f0fa-390f-4cf5-a841-0a39f9012b9c,Anne,BENARD,12/09/2000,06/10/2023,,,,atexier@wanadoo.fr
13bc0dc6-3ae0-4cdb-aa65-24af709d338b,Denise,weiss,1996-08-29,2023-06-29,,julienbarbier@marion.com,,
54899c37-cfa9-426b-aa24-1f463af7fa21,Michelle,noël,2005-07-17,06/05/2024,,llacroix@free.fr,,
3e612d66-05bf-4618-a930-b0c4d5576899,Benjamin,,22/04/2005,2024-09-25,,louiseblanchet@baudry.com,,
8442906f-2e16-40b6-ac25-7a75421d4dca,Anne,JOSEPH,1997-02-15,10/09/2024,,emile37@leduc.com,,
2488c84d-99d0-40fd-a928-043ed492b51a,Stéphanie,Guillon,11-01-1998,26/01/2023,,,,moniquetorres@dbmail.com
3ad51382-119f-403e-9731-4c9198b6691b,Alexandria,Collin,04-01-2002,10/11/2022,,renauddorothee@gerard.com,,
998d65ba-9d60-42c5-a6cf-cbd879d29001,Auguset,rossi,25/04/1997,2024-06-08,,leducmargaux@marion.fr,,
0b1ec578-dff4-4c51-9ed1-0e7f6bb1f2bc,Marthe,laporte,2003-03-06,2024-02-14,ylecoq@pruvost.com,,,
c40f5405-7a25-4d81-8128-17eb224629cd,Nicolas,PEREZ,2001-07-14,2023-07-03,,,laurent00@wanadoo.fr,
a79055b0-6001-454d-81d7-7831850f1cdc,Lcuas,LAGARDE,1996-04-20,2023-08-22,,,,franck26@bouygtel.fr
908e3a95-6c6e-4796-893e-2b89dadfc499,Aimée,RAYMOND,28-09-1998,21/06/2023,antoinettecourtois@tiscali.fr,,,
7bd7b4bf-8e0e-4bb7-8f20-c5e75ec646eb,Philippe,le gall,1997-05-03,02/10/2024,,,iguyon@yahoo.fr,
b3061300-c879-4932-b254-0ab73ad24ac8,Isaac,Roussel,07-01-2007,2023-03-18,,,suzanne89@gmail.com,
015aba1d-a2c8-4f62-b6ee-137d639c4c6c,Suzanne,Robin,11/01/1997,30/11/2022,,,eblanc@bouygtel.fr,
09aa5570-9be9-40c7-947d-7bfc5eef0d1e,oMnique,JACOB,26/01/1998,,,beckertherese@free.fr,,
33a315f3-02bd-4abe-b060-78eb7e8eed12,Claude,descamps,10/03/2005,01/07/2024,,,arthurjoseph@wanadoo.fr,
2b633b18-9d7d-4756-bb4e-c9f5b2cd9a0a,Margot,da silva,2003-01-27,2023-10-29,barbieremmanuel@valette.fr,,,
9609598e-67cb-427a-a528-1970ab6ef8dd,Luc,PAUL,21/04/2000,2022-05-12,diasroland@perrot.org,,,
746b161a-31cc-4738-b68a-e9b79b3aa1d1,Anne,BRUNEAU,1998-02-23,26/04/2022,,anoukguillou@yahoo.fr,,
5708013e-4b54-4670-80cf-b1db1287e313,Gabriel,BLANCHET,20-10-2003,2023-05-24,,,khoareau@tiscali.fr,
c68da4b2-f613-4da0-96f4-01e5c1e9c4fa,Céline,Bazin,08-06-1998,03/04/2024,,qferreira@weber.net,,
50d3ba03-ccd7-408f-badc-b38cb38046ef,Antoinette,benard,24-10-2005,2024-06-29,paul41@maillet.fr,,,
79ff89d9-2db1-4deb-ae6f-fbea8df71647,Thomas,MONNIER,04/08/1995,2023-03-24,,,,oceanenormand@sfr.fr
bc45144a-3c1f-4ff0-b31d-58bbbcb3636d,Olivier,aubry,14/10/2002,06/03/2023,,victoiremenard@meyer.com,,
f4adfa22-ad02-45f5-9417-c2f9eb91731a,Margaud,Teixeira,1996-05-02,27/11/2024,,,leducalix@teixeira.org,
ea7f6c7d-c3a6-4204-bc01-4a222ed0b0b2,Danielle,GUYOT,24-08-2002,28/12/2023,,,bernardlaine@martel.com,
afb3e3ad-dc43-4ed5-a4ca-a1c758e7edf8,Philippine,Roger,05-11-2002,2024-03-29,,,,sgomes@richard.net
5c91f845-534f-496d-99ca-9c1b94bcf47a,Juliette,POIRIER,01-10-2000,2023-02-03,renegeorges@dbmail.com,,,
35e574e0-6c87-4546-bfaf-64582f14f777,Astrid,Bonnin,09-07-2000,2023-11-18,,,cguyot@free.fr,
af9e7a0e-936d-44a7-bab1-996a21925613,Michel,ROUSSEL,07-01-2004,12/06/2023,,,,mweber@rousset.com
fedd22d9-226c-4c6a-bfe5-a4b66be8c756,Claude,lombard,1997-04-20,2024-06-30,,,qribeiro@gmail.com,
0f5e8b47-29d0-4613-b0c7-700219566990,Martin,adam,2001-01-27,28/04/2024,,vvallet@alves.fr,,
41f9994a-cf5d-437f-ae8d-5daa8eb7c306,Adélaïde,LEFEBVRE,30-10-2003,18/01/2024,,,margaret93@valette.fr,
bc8cfa8f-c655-4597-bccc-63de82ac7e1d,Caroline,Chevalier,01/10/2005,01/12/2023,,,jlefort@free.fr,
6bfc2a47-565f-4491-adb6-8b81cec68cfe,Louise,RAYMOND,12-03-2005,2024-09-23,,,chevalierisaac@dbmail.com,
4a965478-a72b-4ddd-911e-eeb850405c43,Mathilde,Da Costa,07/03/1998,2024-11-14,,capucine59@wanadoo.fr,,
daada0b1-2f13-4a6d-aad5-5c0b69fb2fe6,Alphonse,Marchand,2001-12-15,18/04/2023,lacroixjacques@ifrance.com,,,
e0f1e44c-efd1-4588-9054-b2d518763576,Christelle,LÉVY,19/01/1996,11/07/2022,,whardy@duval.com,,
63ccf604-e2ae-4f87-ae7c-a782a7a31d25,Thierry,ROLLAND,24/09/1995,2023-05-08,,,itoussaint@laposte.net,
08ffeab0-0750-42d6-abac-f712d6a919e8,Margaud,hamon,05/04/2003,06/09/2023,rgimenez@tele2.fr,,,
8a0ec018-b297-49b2-b2cf-fcaef833ebfb,Joseph,maury,05-08-1996,02/11/2024,ohardy@club-internet.fr,,,
ce015413-3a25-46fe-8a27-b0b07b4d8646,Emmanuel,Pichon,15-03-2000,2023-08-10,,jbertin@club-internet.fr,,
c21f84fc-d0bc-4ad5-85f8-0d9b00060d5a,Claude,dufour,23/06/1994,05/10/2023,,,ajoubert@tiscali.fr,
c4100108-0256-4389-8cb3-46637a211151,Aurore,,24/02/2007,01/11/2024,,,,levyalix@bouchet.fr
a55fa725-bcb3-4168-b706-2cfa29cc0789,Amélie,Hoareau,1998-07-19,27/03/2023,,,briandlorraine@orange.fr,
9cfbbce7-e8f2-4584-8cca-1e14c3b8c80f,Susan,LEMONNIER,01-02-2003,2025-03-17,manon84@noos.fr,,,
22f9cafe-2eb2-4ca3-9186-da93da7dcc53,Stéphane,masson,30/06/1997,2025-01-02,smaillard@tiscali.fr,,,
0cb4afe1-26f3-41c8-84f7-18c85215b503,Élisabeth,SIMON,28/06/1997,2023-02-01,,,,rene27@rey.com
6b950c1d-5787-49d9-b799-a3767e5b3ac9,Thierry,DIDIER,19-07-1994,2023-11-16,,,remyedouard@laposte.net,
12464474-6475-40ee-8691-30694439940d,Émilie,Lelièvre,02-04-1995,26/01/2023,,,,
3f46057b-7165-436b-b997-c779c56f05e6,Nathalie,Fontaine,2000-11-04,22/02/2023,,dijouxmargot@sfr.fr,,
4fe66636-f612-4d2c-ae73-00eb639d8fe7,Tristan,LEROUX,05/05/2002,2024-12-21,fleurychristine@philippe.fr,,,
f9287d26-37c0-487a-aaac-826edd18ab28,Frédéric,Huet,1995-03-08,2024-12-27,,,,alexandre24@yahoo.fr
f80590f0-0249-4a09-be3b-1a40ca0553a2,Augustin,BLIN,11-01-2001,2025-03-27,alixpires@hotmail.fr,,,
af9a1168-1766-4795-bffa-b493285eed0a,Laure,maillot,12-07-1998,2024-12-15,,hamonmadeleine@boutin.com,,
8ef00de1-fb4f-4972-9115-d7ee3b90908e,Simone,Imbert,06/08/2002,10/10/2023,,alphonselagarde@ifrance.com,,
e60ec813-402d-40fa-a27d-ceccb972393a,Augustin,VALLÉE,22/05/2000,2024-02-27,,,,kaubert@free.fr
77e8b762-bb7e-4979-92dc-bffd59008d65,Robert,Joseph,2003-07-18,27/08/2024,,laportehonore@collet.org,,
c6a28e4e-002f-4ca4-b43e-85315dfb1922,Lucie,Guillou,2003-07-06,28/11/2023,legendreaimee@lebrun.fr,,,
c4072654-7f5f-41aa-aee7-c7a586296fbe,Françoise,brunet,11-07-1997,2024-11-26,,,,anouk51@yahoo.fr
d5cf3b4c-0b34-4c84-9111-ee29a8ad1539,Gilles,COLIN,14/03/2003,2022-06-06,,,valleeleon@david.fr,
b38950ce-9fbc-479e-869c-3a8e7d6ab7c2,Jeanne,BOUCHER,2005-06-28,04/07/2022,juliewagner@hotmail.fr,,,
a7df30b2-356f-4c0a-abc8-f6b7ee224f70,Claudine,Chevalier,09/07/1994,15/04/2024,frederique65@chauvet.com,,,
13f39289-4dcc-405d-959e-f0fd1204f4d6,Martin,Paul,15/10/2006,2022-09-16,,elisabethcollin@olivier.net,,
8ef4d74b-2dcc-4095-b28f-9444a0154d65,Océane,Pascal,30-12-2003,2024-01-23,margot76@brun.fr,,,
88adb388-287e-4086-a854-027e56673e49,Joséphine,pichon,19/11/2002,18/10/2023,camille56@noos.fr,,,
902a405c-3d9f-4e59-9bc0-fa9352cdadef,Émilie,benoit,24-08-2006,2023-11-22,,,,catherine76@voila.fr
9883e9b1-48d3-42ce-bba3-091f08dfaaf8,Alfred,PAUL,27/08/2006,2022-11-14,,,,ribeiromatthieu@sfr.fr
f17f3f92-d26a-4790-8582-8939058e389e,Marie,BARON,1999-08-27,2024-08-26,morelceline@meyer.com,,,
3ff69f41-9508-4801-a3be-7ca05df924fb,,boucher,1998-10-21,2023-07-29,,,,ncolas@ramos.fr
b0894de4-e626-4164-9361-6b3a7cffae92,Martine,Verdier,28-03-1997,14/09/2022,,,,fouchersusan@ifrance.com
c559cd0f-ebff-453f-8e50-f355c7b611cd,Xavier,Lévêque,19/08/1995,22/02/2024,,,,piresmichel@voila.fr
0ddb545b-61ea-4a65-a1d7-70eac704e80e,Thibault,hardy,29-01-2005,2022-06-21,,,victorgaudin@orange.fr,
ff5376a4-bb48-4bba-ac73-5be00ceeddc2,Anaïs,COHEN,1996-11-25,2024-10-29,,aurorecharpentier@caron.com,,
beccf760-9249-4e3a-b9d1-9c4e1521ad35,Benoît,Lévy,06-01-2000,2023-12-30,,,,alexandreconstance@noos.fr
7b1dbca3-2286-43f8-8314-96ea2160446e,Gabrielel,philippe,2006-03-03,2024-05-15,gabriellechauvet@wanadoo.fr,,,
c6da85f1-4429-4ca2-9257-429e3e085cb7,Aurore,breton,27-06-1998,2025-03-17,leconteantoinette@poulain.fr,,,
a7c8f0c5-9808-452c-9832-c8de521be8c2,André,PIRES,15-07-1997,2023-08-05,,,laetitia79@besnard.net,
ba7e1b86-c1fa-4753-a7ef-0a4b5fb2b838,Dominique,Clément,2005-12-15,2022-10-10,laurecaron@garcia.fr,,,
73373c2f-4e1c-4762-9c7c-b6edcde55848,Charlotte,Simon,06-02-2006,2023-09-16,lucasmorvan@levy.fr,,,
b1f02ea8-242f-4829-be07-832abadc4599,Marthe,laroche,2004-11-23,2022-05-17,adamjean@gmail.com,,,
9e32f085-b24f-42b9-8a08-41de3360d115,Richard,vincent,16-02-1999,10/04/2024,chevalliermargaud@dupre.fr,,,
e226a768-de0e-4c53-8ae0-fd7a04e25132,Manon,Collin,18-02-1996,13/04/2023,,,gomesclaire@hotmail.fr,
753e9662-f77f-43a7-802a-a6eb32e97c2d,Gabrielle,Mendès,20/06/1997,22/05/2022,,,,eleonoreschneider@camus.fr
af2f0773-58c6-4158-84b4-0ac928317f0d,Adrienen,Monnier,2006-12-17,15/12/2024,,,constancebaron@gmail.com,
e3f16406-631d-4c8b-a0f0-fe7941f74651,Sylvie,Martinez,10/12/2004,2024-08-28,,henrileblanc@ifrance.com,,
61d85365-bada-4c94-9679-bbe023238416,Dorothée,Potier,22-06-2005,25/11/2024,kguillot@launay.fr,,,
a7087280-34ee-4b67-a1bb-d1838acfd4d6,Guillaume,BLIN,09-12-2001,06/08/2024,thierrylagarde@perret.com,,,
f2d78d53-8870-4ae7-8ead-da9a115c42cd,Michelle,lemaire,1999-09-12,2023-01-30,nathaliemartinez@dbmail.com,,,
7168bdec-4da8-48b7-a947-cbacf610f40d,Noémi,Diaz,04/05/2001,18/06/2023,,,franckpayet@michel.org,
98ab182c-3b1d-4181-9cc3-c1f59129bc75,Nicolas,grondin,07/08/2004,2025-03-21,,,,edouard72@mendes.fr
794e0838-7dcf-40fd-a330-98edda252795,Guillaume,GONCALVES,05-06-1997,2023-02-13,,,,lejeunepaulette@dupuy.net
c1fda581-33ec-46b1-bcfd-8547abdce0da,Lucas,François,04-12-2006,2023-01-19,,,,ulagarde@tele2.fr
0ab5207f-c6b6-420a-a7a5-59366d744a0b,Julie,Guyon,1998-06-30,2023-11-30,,,vraymond@wanadoo.fr,
09dbebb5-c973-4495-b440-b852e033500e,Dorothée,Nicolas,17-03-2005,20/03/2024,moulindiane@ifrance.com,,,
8420e0d8-632c-417e-8ec5-7d470a0c64e5,Paulette,Lombard,21-10-2006,2022-07-04,,brigitte64@pinto.com,,
0df6c527-eb45-4c38-9cf6-5e334b5f174b,Marie,Blondel,2001-06-26,2022-11-25,urobin@wanadoo.fr,,,
f016716b-95df-46cb-875a-ec942e057f79,aMrthe,Morvan,1996-03-22,15/11/2022,,cbreton@voila.fr,,
b66f3507-e588-4999-971e-ea3974246baa,Luc,DE SOUSA,1997-05-04,06/09/2022,marine21@hotmail.fr,,,
5ce9dbbc-a252-41f3-b30b-c657b4cb4613,Émile,HARDY,1996-03-28,06/12/2023,,ydias@lecoq.fr,,
266c47fb-dcd8-4a8b-a8d6-faf6df0ddef1,Isaac,rodrigues,01-12-2003,21/01/2023,,tle-gall@herve.com,,
33ee16e7-f5de-4eba-a1ae-a39be606d7c2,Adrien,loiseau,1996-04-18,17/05/2023,,,,fmahe@raynaud.net
74283491-79c8-42cb-a8d3-110e96bfae6e,nAouk,Pichon,1997-12-26,2022-08-20,,emmanuellelopes@girard.com,,
da948e70-2537-41e4-8966-8d0859595d27,Arthur,MARTINEAU,30/05/2005,03/10/2024,,,emmanuel01@noos.fr,
9c7060da-48cd-49c5-ac0e-1f71294d43ed,Margaud,JACQUOT,1997-04-30,10/04/2025,,lbouvet@da.com,,
61022b56-e5c4-42ff-9e5a-90c152a473f9,Thérèse,Mercier,1999-05-22,11/02/2024,,,charlotte21@boulanger.fr,
9caf8df1-3584-4d71-b221-e1c535b86d0a,Bertrand,NICOLAS,23/03/2003,22/09/2024,sramos@launay.fr,,,
9f8ceda5-feb9-4a24-933c-8d0086800a0b,Adrienne,Dumont,1998-09-18,2024-11-28,zteixeira@free.fr,,,
fab0a15d-4a5d-4cea-b565-f64e3b93a53f,Léon,martin,2004-08-30,19/10/2022,,ytoussaint@gallet.fr,,
8f7763e0-5982-4a44-9573-68cf0ba56050,Susan,diaz,04-05-2001,14/03/2023,mariecarre@mercier.org,,,
c45c3fbb-52ec-4c27-8ccc-617e81b66951,Aimé,noël,1999-05-28,2025-03-19,,anastasie99@voila.fr,,
56830783-d575-4337-949c-9eb931ab0158,Margot,voisin,14-04-1997,2024-04-25,,,,christinemeyer@regnier.fr
ed83a4c8-69f8-43e4-906d-3943c8b3815e,Noémi,lefèvre,2002-03-01,2024-07-06,frederique80@sfr.fr,,,
ea8b31f5-ccae-48fe-94eb-8e20af7c7d2b,Stéphanie,MONNIER,13-02-2004,30/07/2022,,,,zoe05@toussaint.com
985e7e89-2ff8-407a-a3ba-9d869b0e70ad,Gabriel,Hamel,2004-01-04,2023-08-10,maillardantoinette@hotmail.fr,,,
73b0220d-5f20-49ea-bcd6-1f5ee0864418,Véronique,Hernandez,02/10/2002,20/03/2023,fredericbesson@gmail.com,,,
8188de48-719b-4dd6-97b4-e75be9d18ec2,André,guillet,25-09-1997,2024-06-03,zacharieguillet@diallo.fr,,,
d277ab64-1927-43a7-9f2e-37e7c4fcbb84,Diane,LABBÉ,25-09-1996,11/11/2022,,jacquesamelie@thomas.com,,
164a9b18-df33-44c6-9823-3b06d91ea7e6,Xavier,bigot,26/12/2005,2022-06-29,,,alphonse94@lebrun.org,
70ecf41b-c5d5-4016-91b3-ccf588433a38,Marguerite,LEMAIRE,02/01/1999,2023-06-16,,,robertnoel@loiseau.com,
51883a26-8ca3-4a54-99ae-73028ae3297e,Richard,Blanchard,23-10-1997,17/04/2025,,,jeanguerin@club-internet.fr,
7192e443-8a63-42ca-96b7-979ee46a0b42,Benoît,DUMONT,2004-09-23,03/06/2022,,,,gautieralice@gmail.com
b465c027-2dd1-445b-a454-a82a6d2cdbf9,Jeannine,allain,06-10-1995,2024-12-21,,,thierry53@hotmail.fr,
21bd55eb-915a-43c0-b737-cfb5c3b1927b,Éric,Rocher,26/02/2007,2024-04-15,,,rruiz@lelievre.net,
9defeab9-e54c-46ca-9c70-ce2224caf1b8,Ramyond,marchal,07/02/1998,2023-12-19,,simone57@martinez.com,,
7613ef44-7a88-4162-99f8-068e1ce62a9f,Camille,picard,20-05-2002,01/07/2023,daniellehenry@ifrance.com,,,
8e5fd65f-536c-42d0-9b63-205fcbf85149,Manon,Guérin,13/06/2006,2023-08-01,,,,amaury@orange.fr
f950f7fa-28b5-4db5-8c46-63083e628981,Christine,Jacob,2004-11-09,30/07/2022,,,,sylvielemonnier@noos.fr
8b661d1f-579a-4954-898e-3f5b9134c0b7,Marine,Huet,2001-09-14,12/01/2023,lnoel@germain.com,,,
67e2189b-f4b4-4704-8edb-6dc82d19bd52,Daniel,Joseph,14-11-2001,2022-10-04,clemence01@sfr.fr,,,
c146ed52-e73b-4913-94ad-345ae3239264,Luce,MARTIN,29/08/1996,02/12/2022,,,,srossi@chauvet.fr
510c8c48-e09e-42a3-ae77-e24934a63e76,Théophile,COLAS,16/08/1997,2025-03-09,,,wwagner@hotmail.fr,
82ab23a0-fc86-4110-9c8a-a87202141a68,Anne,RODRIGUEZ,17-03-2004,2023-07-19,,,,emmanuelle00@masson.org
9714fadc-b3c4-4030-ae84-e8323c38c3f0,Anaïs,toussaint,29/10/1994,2023-08-26,bweber@sfr.fr,,,
302fa247-239a-446d-b991-2c512c649adf,Frédérique,JACOB,26/07/2005,2023-10-30,,,,sebastienleconte@laposte.net
04056d2b-a5fc-4671-925d-f20602f865f8,Guy,mace,31-07-1996,2024-05-14,emiledos-santos@noos.fr,,,
9abbe46b-b205-4cec-89f7-369fe4c1d210,Audrey,Ferrand,20/01/2002,2023-01-23,ccourtois@ifrance.com,,,
9ac55023-6cbd-4931-af90-005839ca2826,Aimé,verdier,2000-05-04,2024-05-31,,,antoinette89@fontaine.com,
1cf8570b-5e5b-4ad8-b473-2eb67bb775d4,Inès,leduc,18/12/2003,26/03/2025,,,nathaliefoucher@turpin.com,
3ec77a8f-16a4-4b83-9c2d-9672e3d1803c,Charlotte,Lombard,15-03-2003,2025-02-13,,,,juliette05@lelievre.fr
5a589b67-6bc7-4635-94de-19cdbbdb4536,Susanne,COUSIN,2004-01-23,12/07/2023,lemonnierjeannine@petitjean.org,,,
2b48c6e6-9401-4dfe-b921-0c7ca119ceee,Henriette,Roux,05/05/1995,01/02/2025,,renaultclaire@hotmail.fr,,
c8a4ae21-d9f8-40e9-93ad-3ead816ebf32,Roger,FLEURY,15/06/1996,2022-11-10,pierre01@free.fr,,,
7257dcb6-a8be-4c80-a6b0-d2c9bd2cf4eb,Alexandrie,ROGER,13-05-2004,29/05/2023,,zarnaud@le.com,,
d66de2a1-2776-44d0-925c-7d37ef16d03b,Célmence,Chrétien,2004-06-05,20/01/2024,,margaudbesnard@free.fr,,
5856e1fc-d782-4ea3-bbff-16e993e7e893,Bernard,clerc,1997-11-19,03/06/2023,bruncelina@ollivier.org,,,
ec264a0c-c09f-4c91-b2c0-a0cfbf03b8c2,Élisabeth,REY,26-05-2002,2023-11-29,,jcharles@wanadoo.fr,,
cc1c7204-ed5e-449b-89ee-4969030974c0,Caroline,Weber,10/09/2001,08/03/2025,,,,pereiraelisabeth@live.com
dbbd3290-a6ed-4add-ab04-cd299c48c830,Richard,Daniel,23/08/2001,2023-06-12,adammarcelle@ifrance.com,,,
3de667f9-bfc4-4c0e-acdf-e0ffc5ed3982,Nath,MAILLET,21/02/2002,19/10/2024,,,,margaret25@maillet.com
1a99aae0-8677-481d-9902-c93b69479974,Marianne,Cohen,02-07-1994,2023-10-17,,,,philippe30@legendre.com
3781d306-d5e0-4664-a4db-04c8a8174c85,Joséphine,Diaz,27/05/2004,2022-10-25,,,texiergilles@descamps.com,
4b68d94d-40da-4c7d-af2b-dc13b2165b5a,Chantal,peltier,07/03/1996,14/08/2022,pauline65@bouygtel.fr,,,
c6f06a71-46fc-4ff2-92f1-78bdc7de01a9,Charles,WEBER,19/01/1997,2023-12-13,,poiriersylvie@bouygtel.fr,,
fabb6609-7de1-4a85-91c4-194a70c98336,Luc,BOURDON,28/04/1997,2023-12-19,jnicolas@carpentier.com,,,
08eca4c8-1a71-464d-824d-9430b72479b7,Dvaid,Guérin,22/10/2001,2024-09-22,,,,fmoreau@laposte.net
09af9883-eed2-4f94-8038-dc84a3ed033a,Margot,Perrier,2005-05-27,06/06/2023,,,,anais90@martel.fr
cff14c0e-c7eb-4d43-ba4e-f72fd8139af7,Simone,MULLER,02/03/2001,2024-08-05,jacobmarie@riviere.fr,,,
0e213ce5-668e-410e-8d86-2412ae8cc97b,Louise,Jourdan,20-12-1999,06/09/2022,,,edouard74@sfr.fr,
62588ce9-f7ae-4de8-8a11-9bac8df21ad5,Margaud,Aubert,20-04-1997,2023-07-27,,,,lombardmarie@live.com
701fb3ea-a1fe-4bc6-a29d-650a15b98c20,Nathalie,Aubert,29-07-2002,2022-11-22,,andrefouquet@camus.org,,
cfd0b040-d591-4d49-b707-371288b04b77,Catherine,durand,18-10-2002,15/06/2022,,marquessimone@gmail.com,,
a762b59c-ce9e-4929-b630-8a601e4182bb,Margot,BARBE,2001-03-12,2024-03-31,,,,davidda-silva@camus.fr
a616dde4-b388-400a-be20-718a0bb9a8f6,Gilles,Garcia,25/10/2004,2023-01-11,,,,valentine17@maury.com
387770f0-9d99-44c5-8c96-bf4398507072,Christophe,renaud,03-10-2002,2024-02-10,,,,hgermain@laposte.net
36965c84-cb08-4605-b6f6-1488d62015f0,Paulette,lambert,08-10-1999,2024-10-26,christophe14@boulay.fr,,,
ecf91245-3e5f-4e23-b04c-19e22a3dd769,Inès,fournier,17/09/2003,12/11/2022,,,kmerle@coulon.com,
b4ecfe8d-16d1-45ca-ad17-4fdd2dee003e,Manon,Allain,02-06-1994,2023-07-03,,ijacquot@sfr.fr,,
734eab10-85e9-454f-855c-f668a3cb9e18,Antoinette,Dupuis,1996-09-24,2023-01-15,michelledidier@techer.fr,,,
31208bde-3c52-468a-8ec6-1be5012b809e,Georges,LAPORTE,03-06-2001,2022-09-14,celinapires@sfr.fr,,,
cbeed3e3-1cd8-49e2-b197-91670d95ee72,Henri,pottier,1998-12-31,24/04/2024,,,huguesleconte@gmail.com,
35a7ac9b-48f9-4d0d-9d3b-c1d3a5159982,Bernadette,DESCHAMPS,20/03/1995,20/09/2023,,duvalnicole@gmail.com,,
0770d18f-c916-4147-a875-ad5d2d06f862,Claier,BUISSON,10-06-2003,16/10/2022,,,,michellehebert@humbert.net
3ae56c8d-5360-46e7-a5fb-c1c0ad463549,Renée,masson,03-01-2007,2023-09-07,,,gomeznathalie@bourgeois.fr,
7c0224e5-95c8-4b2d-b892-d14512d2d7e6,Bernard,Nguyen,1998-01-19,2022-11-30,,,ycolin@dufour.fr,
f9be07f3-5bcc-40fc-a1cc-22d831b42308,Richard,Renaud,17/07/2006,22/09/2023,jacquothelene@guyot.com,,,
c2a59d7b-2bd3-4971-ab10-b78675656daf,Zacharie,VASSEUR,20-03-2002,2023-07-21,,,,
7677a166-d644-49ae-b936-931e9771d80b,Roger,garcia,1997-12-23,2024-02-13,,victorgay@maury.com,,
fdc419b2-0a41-4919-8b52-46f3faed5777,Charlotte,Peron,27-05-2001,2024-06-10,,zlaporte@grenier.com,,
8ef90060-1545-4c64-bd92-29527ecb002e,Odette,Richard,2001-12-29,30/03/2025,,,,gillespelletier@club-internet.fr
0413ffc7-173a-4c96-bfbb-4bcca5cbbf6f,Christiane,LAROCHE,1998-05-13,2023-08-05,,,,vmasse@de.com
df1e04cb-ca34-4e3c-af58-9a8167c5b29b,Alexandrie,Toussaint,05-04-2006,2024-04-09,,collinmarie@laporte.com,,
b2b3bb39-4510-4aad-80bd-44c06d07ee0b,Juliette,Allard,05/05/1999,2024-09-28,,,legendrexavier@buisson.fr,
77215daa-5d97-4cdc-a209-56a81c684db0,Laure,Fournier,05-03-1995,2023-11-07,,,madeleinevaillant@hotmail.fr,
236e9007-3468-4b6e-8609-0b78b5971e43,Xavier,Dupuis,02-11-2003,,,,,wgallet@chretien.fr
ae2356f3-80e9-4300-8471-9067e5def08e,Audrey,baron,18/04/2000,2022-07-12,,adelaide77@lelievre.org,,
ac5dd02d-ccc6-4ffd-9e3e-ce609ef6a99f,Marine,françois,26-12-2001,2023-02-05,,,,faureanais@free.fr
1bff56f4-13b2-41ab-b4e5-80aaf5504c52,Jacques,Baron,15/03/1999,2022-10-10,,nfernandes@cousin.com,,
bcda835f-71a0-4ff8-ab8d-a34058c158e2,Madeleine,LEFEBVRE,11-05-2002,2023-07-15,,,,simonsuzanne@dijoux.fr
c96d525e-a563-4cf4-a7df-eb9257c13f7e,Victor,vallée,21/02/2004,2024-10-26,,kbailly@laposte.net,,
3a0e618f-428f-4941-8a0d-72ce2bf6f6c4,Christine,GUICHARD,06/07/1999,2023-07-10,,adriennejacquet@brun.com,,
f92408c3-2ea9-4f6c-8905-eb93890a83b4,éJrôme,NEVEU,29-05-2006,30/03/2025,,,,noelferreira@prevost.com
34850fcd-2f3b-4b18-9ea2-d56b42aa0bc7,Gabrielle,Neveu,18/10/2001,11/06/2022,william57@free.fr,,,
06617f95-eba1-4fa8-9f19-f85b4d330569,Anne,Didier,17/05/2003,30/11/2022,,,,honore08@wanadoo.fr
795235ad-4ba9-4d78-b498-75d0a5b1c799,Stéphane,faivre,1999-12-07,2024-09-26,,,smaillot@foucher.com,
4ede79b6-1deb-479d-8d0b-b6d7ad91f456,André,maréchal,01-09-1996,2024-12-03,,,,fhamon@lefevre.net
ef87bf0d-c802-4f8e-b8de-6b6e86c45e42,Pauline,LOPES,22/03/2004,17/02/2023,,tanguyclaude@labbe.com,,
51589375-7d8f-4350-b1c7-7a4464f8f226,Josette,Texier,02-01-2003,2024-06-21,,,,anastasie26@collin.fr
4edeae5f-59f2-474c-984c-b0f748ded8be,aCroline,Guilbert,1994-07-03,2022-09-02,atraore@herve.com,,,
ba85e403-6c80-444b-a5d1-36e2f8698e93,Arnaude,Joly,2006-09-06,2024-10-17,,,,marcbailly@hardy.fr
c190b0cf-9736-4b4f-b5c8-ce3ceee31d47,Alexandria,blanc,03/06/1995,2022-04-29,arnaude28@tele2.fr,,,
230da680-ea35-4f17-8157-a7619162f6db,Luc,Lemoine,2006-05-19,2023-12-03,,,tdupont@club-internet.fr,
397a284f-76a4-479b-bd67-34588f2d0b17,André,bernard,14-09-2002,14/12/2022,,lucie71@club-internet.fr,,
b0167db8-e823-4943-bdec-46052deb57f9,Madeleine,moulin,2001-05-24,02/06/2022,clemence19@blin.fr,,,
a0c45942-4206-4d80-9e4b-eb126fa22f92,Marianne,ollivier,2003-12-02,2025-04-01,denise90@goncalves.com,,,
b17aff6d-e0d9-4670-b606-fa3451d69f11,Grégoire,Hamon,13-10-1996,2022-12-28,agnes65@charpentier.com,,,
2ee94ed9-a0c6-4223-8435-9252319dd940,Paulette,Gauthier,15/01/2003,2024-11-04,,,,thomas44@pereira.fr
480afe9f-84a6-4693-a30f-1e69034d42fd,Alix,Merle,28/09/1996,2024-05-11,,,isaac13@laposte.net,
cb8c1d76-303c-4503-94e2-0134389ae4fd,Gabrielle,Bonneau,10/11/2002,25/03/2025,ejacques@payet.fr,,,
23966b83-5cd1-4b22-b0e8-b2fa4fc34759,Thérèse,Pichon,2000-03-21,02/11/2024,mathildebailly@voila.fr,,,
20f36e92-38ec-41aa-9e5c-5da8d087edcb,Marine,BLANCHARD,17/12/2006,22/03/2025,gilbert32@lamy.com,,,
c1e0a4a1-7bf8-40f6-8652-3c3d04d07f29,Aurore,Dupont,15/08/1995,18/02/2023,,,,delmasdenise@lelievre.org
02a13629-aae6-41a1-8d38-a8d010f59651,Olivie,PEREIRA,1995-01-12,28/10/2022,julienleconte@leroy.com,,,
47021755-f11c-40a4-bf06-d520d88a617b,Inès,Lévêque,09/10/1996,2023-10-18,,corinnecolas@perrin.com,,
f6d9fe17-3109-4211-b73f-6e64378d2f8d,,Picard,2003-04-18,31/07/2024,,,,benoitcorinne@poulain.com
2e4c16e2-1b79-4e6b-b52e-f4a6ac6c2e1b,Victoire,monnier,10-10-2001,2023-11-29,,,denisedumas@noos.fr,
1fa54251-5074-4c13-bc0f-94cdc2ebbaa2,Chantal,MASSON,20/03/1996,04/07/2024,,,,xledoux@pascal.com
628103f0-1d9f-4f25-be63-f65453ff5f1f,Roland,Pineau,12-09-1995,2024-11-06,,,jjean@noos.fr,
3054366b-6d8e-4559-9af9-3e99fc267da6,Daniel,Ollivier,1999-03-29,2025-03-08,,,,alexandreparent@tiscali.fr
85cd3384-7024-4792-a578-7d0c1aec8b70,Margaux,labbé,24/09/2005,29/08/2022,,,anastasiemarechal@traore.com,
334477eb-56b0-4052-b2f7-5350f9a732dc,Jeannine,Antoine,26-06-2000,2022-10-26,fpages@salmon.org,,,
f1773294-a4d2-4eae-8d0d-4d73ca1c3218,Andrée,HAMON,01/03/2007,27/04/2024,,rgros@laposte.net,,
7d457a09-402d-45e8-9f47-d9021ba84a91,Colette,grondin,12-01-2002,20/12/2024,,perrinnathalie@mercier.com,,
53b3618b-ade0-4648-9ac6-030661f43c2b,Honoré,bailly,05-05-1997,10/12/2024,,,,peltierodette@turpin.net
813a3aa5-7d81-4c21-bf76-4fcea97ef131,Raymond,Allard,17/04/1999,2023-10-04,,,,perretgeorges@lebreton.fr
08697ffa-0936-4f02-b5ac-0819714b5c03,Joseph,pascal,12/09/2000,06/02/2025,,,,claudineperret@laposte.net
c3963bf9-7cc9-4887-a39a-c771b739a28a,Frédéric,Colas,12-08-1999,2025-03-02,,jollivier@free.fr,,
7ea413e5-436d-477b-a431-cbbe0e44c9dc,Jeanne,hoareau,01/12/2002,2024-12-02,,tristan00@gmail.com,,
,Nicole,GUILLON,23-06-1996,2022-05-30,,,,bpereira@live.com
a9470663-0e73-4523-99ec-c846697437ea,Patrick,Hoarau,17-05-2000,2023-04-18,,,,lagardechristophe@club-internet.fr
89d5af23-050b-4848-ab76-a718566c93cc,Victor,Morel,30/03/1996,03/04/2024,,,bda-costa@tiscali.fr,
60b36938-5107-4545-bc5b-14bd05b149a0,Henriette,PERRIER,2004-04-19,2023-09-01,sroussel@marques.fr,,,
f82c6ad8-5d03-4a06-8cad-66c59d655c03,Bernadette,Renaud,17-02-1997,2024-05-29,sebastienaubry@leger.fr,,,
178a8c73-f53b-4020-be2d-e8c89fe3f824,Michelle,Delorme,1998-02-20,13/09/2022,,,daniel98@tiscali.fr,
13a0181b-cbaf-4542-98e9-bbad35b1773c,Manon,HERNANDEZ,24/07/2001,10/06/2024,,,idupre@dbmail.com,
9ffda1e7-4052-43a5-a6fd-32156a107fb7,Denise,DE SOUSA,13/09/1997,25/02/2025,,,,techermaryse@verdier.fr
cf1643a0-8860-4b56-a34f-2452efe9e8c9,Laetitia,LECOQ,08/11/1998,21/02/2024,aimeepinto@guillot.org,,,
d488edff-dc35-4577-9193-412d6906d118,Christophe,couturier,14-09-2001,01/03/2023,,,,valentine42@bouygtel.fr
3d0d3ffd-67e6-449a-bc73-013b99ea5bbd,Gabriel,Gérard,24-12-2005,11/02/2023,,,,susanneruiz@vallee.fr
33b5a667-0979-43a0-a7d9-0c1ba59caeed,Hugues,Maillard,23/06/2001,16/11/2022,,,,sophie48@weiss.fr
157c6813-e581-420f-9c0d-b2660e29ed9a,Thomas,Marion,1994-08-20,2023-07-25,,,,qmarchal@chauvin.com
80104995-bc06-486b-922b-4fb21ca79972,Georges,BARBE,24-04-1998,13/02/2025,probin@yahoo.fr,,,
bcbb859a-9596-4725-9513-da02544c14d1,Amélie,Bouvet,18-08-1999,20/04/2023,,,,guygautier@free.fr
688b4cfb-7081-45fd-8648-bbe8f84ce7a9,Pierre,PRUVOST,09/12/1997,14/07/2022,,martine15@noos.fr,,
47198f5c-f69b-4596-bf10-938caec7f267,Sabine,rodrigues,17/05/2002,2023-11-03,,,,valentine40@gmail.com
0dff01ba-f0db-4ecb-8c87-6b1ca987799b,Marie,Leconte,16-11-2006,2023-04-26,,oruiz@live.com,,
3c83861e-ddf0-40a2-88ef-e82b1f3eea66,Capucine,CHEVALLIER,14-12-2005,01/05/2022,,,thibaut13@club-internet.fr,
ea77d1d6-2904-46d6-a3e7-35abdc02bc29,Brigitte,Lefort,16-11-1997,24/08/2023,parisedouard@tiscali.fr,,,
d7567d35-ed2e-4bea-a9b7-d533bca83a82,Xavier,Wagner,24/04/2002,04/02/2024,,marthebertin@benard.fr,,
0d565923-c310-42a2-8700-77c1b1f94a09,uLcy,CLERC,03/01/2002,2023-01-29,,adrienmarechal@sfr.fr,,
150d28eb-9368-4dd6-9050-127e4e385d03,Frédéric,Barbier,26/12/2004,2023-05-11,,cjulien@guyon.com,,
d3a71b83-97d0-4f8f-affd-d43b2c691f04,Victor,carre,1998-09-24,2023-02-21,,,,ltessier@hoareau.net
8efbd22a-ec51-4744-85e1-5e2ff2b74922,Madeleine,RAYMOND,1994-08-25,2024-12-17,,,,pintolouis@boutin.com
99b3568d-6dcc-4c60-9e35-836f66aa394c,Raymond,GÉRARD,22-02-1995,04/09/2022,,,,helenelemaire@voila.fr
eb8466e4-c5fa-4047-af66-9013869d4cb7,Cécile,MAILLET,10-07-2006,25/05/2024,michelemartins@da.fr,,,
34e420bf-db38-4306-ae6a-3d5b2154be4a,Joséphine,Fabre,2000-10-18,2023-07-02,,aarnaud@leroy.net,,
5ea0942c-3f91-4419-a846-a9df73733554,Isabelle,Pottier,2004-10-21,18/01/2025,,,duboischarlotte@laposte.net,
afd58fe7-65c6-4548-b169-fdedf9723977,Marcel,delannoy,18/10/1999,05/12/2023,,david18@gmail.com,,
788f06ed-3c1e-419b-ae5a-400755367ab6,Adrienne,Seguin,08-03-1995,2025-02-24,,,,fleurycorinne@hernandez.fr
e468eb64-f7d2-42ee-a1da-5db15ef361c2,Gabrielle,DUPONT,2005-09-19,2024-10-06,,jean87@bigot.com,,
6ed47a6d-87c9-4aac-b5d3-4f2f513bb65c,Guy,,28/10/1995,17/10/2022,,,,rodriguezcolette@bouygtel.fr
486dce57-6e1a-4e1b-ad1d-defa5c4fc55e,éRmy,raymond,07-01-2007,2023-06-02,,ugaillard@tiscali.fr,,
da6069f3-8e40-4294-a6b9-4955f33685da,Margaux,bousquet,2007-04-16,02/03/2024,,henrivincent@vidal.org,,
1db3c075-6fb9-4e37-b796-048fb4b9fb73,Clémence,Fournier,1997-01-29,04/03/2024,,falbert@yahoo.fr,,
597faaf0-1fa7-4ddf-a5e6-d919ddebcd5c,Éric,martins,2006-07-17,04/07/2023,,,oceanegregoire@thibault.net,
86a8f21a-010e-422b-b8bc-920cff7d39f7,Pauline,Masse,23/03/2004,2023-01-24,hoaraupauline@tiscali.fr,,,
06a574ec-5422-4a97-a32a-878718246315,Roland,Bazin,24/10/2005,2025-03-11,,,,lbesson@breton.com
a8d791b6-b52c-4358-94a8-b45a75d1d776,Christiane,de sousa,04-09-1995,2024-12-20,,,boulangerbenjamin@tele2.fr,
bbfc5dc1-fff4-46b9-bb46-8c13f28a030b,Susanne,colas,1999-10-28,2022-11-05,,,,weissroland@lefevre.com
17b16c43-61a2-4612-9a2f-c701f3afbb09,Andrée,adam,09/08/2003,20/01/2023,bblanc@goncalves.org,,,
27755e9d-a770-4217-b455-af73c0a7ad9c,Georges,Léger,2005-04-22,2024-05-20,,,marianne92@live.com,
833d3df1-5e11-4680-9501-6ada189ac35d,Luc,,14-08-2005,2024-03-10,,,,kroyer@noos.fr
5e44b774-cf9d-439c-ac2b-5781c1a95ee2,Laetitia,lemoine,31-10-1995,22/02/2024,,,,fournierdenise@dbmail.com
afad328e-a5c9-4f20-b967-26aaad2b2c82,Michèle,Meyer,08/03/2002,27/05/2024,,chantal61@ribeiro.com,,
d76f0813-4ce7-44d7-a724-b119af2f32a7,Paul,barbe,21-06-1996,2024-02-12,,,courtoisdenis@gmail.com,
69bba3c4-6cc7-41f0-82ba-0fed1b8dc821,Étienne,Barthelemy,2003-01-12,2025-02-08,,pierre91@wanadoo.fr,,
767f3c15-a95d-4271-bd92-77a41d2ae042,Joseph,Vidal,1994-07-29,20/12/2023,,delattremaryse@bouvier.fr,,
cece36ae-9fb2-49b1-b32f-c932ab962697,Rémy,Leblanc,08-03-2007,03/02/2023,,,edouardletellier@maillet.com,
651a6277-017f-419f-8496-179588ccddbc,Gabriel,RICHARD,2001-09-04,10/01/2023,,zjacquot@tiscali.fr,,
9de2fd3f-f952-41e8-9029-733c9e55f98d,Agnès,Blot,1999-06-13,2025-02-28,emmanuel22@voila.fr,,,
b22f2e91-0411-4e35-90e3-4b2b1ca64c33,Laurent,Michel,17/07/1997,2023-03-10,manonguillot@noos.fr,,,
30dfc50c-89e0-4b89-8a3e-3238dbb24c33,Emmanuel,Hernandez,12/12/2004,07/04/2024,,bbriand@brun.fr,,
73137fa5-dc1b-4eb1-8506-536c78b3842a,Isabelle,BERGER,19-07-2002,25/02/2023,,vroux@voila.fr,,
6e89a7a8-b68d-4037-98fe-3fb8a1628abf,Arnaude,costa,16-01-1996,03/10/2024,coulonandree@tiscali.fr,,,
ef6e9295-9c8a-4485-b980-50a6974e598d,Margaret,COULON,11-01-2003,2023-04-14,,,,briandhortense@lenoir.com
e39eb7c2-6ac9-4528-a5f7-01fee493998a,Christelle,Ferreira,08/11/1998,2024-05-26,,brocher@voila.fr,,
78202426-3134-4ab8-b9e8-d78149bb1313,Adélaïde,NAVARRO,15/01/1997,14/04/2023,,,,josette72@ramos.fr
a70a409d-ac50-4260-b0f2-4933d544c79b,Nathalie,alves,22-05-2001,21/04/2024,rolandblot@martineau.com,,,
7dffe27d-9b12-4dfb-a804-335a331165e0,Eugène,LEGROS,30-03-1997,24/05/2024,,,marcpascal@gmail.com,
5b673a25-42c4-4041-a183-10035bd972c7,aMrgaret,leroux,1994-08-09,15/01/2023,,marquesaurore@maurice.com,,
fe60afde-4200-41aa-bc82-6fbe395e54f0,Zacharie,monnier,2003-11-10,2022-06-30,dominiqueblot@wanadoo.fr,,,
0ce87570-b4d6-43e6-9aa9-0d26ab636d66,Brigitte,Albert,2004-07-29,2022-10-08,,,guilbertaugustin@brun.com,
ba751921-2833-48ea-9c94-563ae9365d1b,Stéphane,NEVEU,1997-10-16,04/03/2024,brunetmadeleine@live.com,,,
d93d8722-1f7b-482f-a345-0e72d1b48562,Luc,Navarro,28-12-1999,2024-01-24,,,,victoirereynaud@renault.com
c13d8929-b717-448d-9f57-fd27441999b6,Arnaude,alves,1995-09-30,21/12/2024,odettechretien@dumas.com,,,
e5e79add-68c8-4ed8-ab03-5cda69d53317,Céline,Blondel,04-08-2001,2025-03-13,pichonwilliam@voila.fr,,,
11d012a7-f192-43c9-8470-f6c8ce6631cb,Émile,maillot,04-07-2006,21/08/2023,,,,bernadettebonnet@ifrance.com
a437199c-ec2a-422b-a901-4e33097ef98d,Henri,bruneau,19/03/2007,17/07/2022,,rmarechal@club-internet.fr,,
581ab26c-e8c3-4a79-904e-54acbe216c79,,Guyot,28/07/2006,16/07/2024,,pcohen@devaux.fr,,
c81484cd-cfd4-4949-a33e-a97658625813,Manon,LEBON,28-02-2006,19/02/2023,,da-silvaelise@dbmail.com,,
e13f8740-bd74-4fe0-b808-8e14b9a01137,Gilbert,dijoux,06-12-2000,06/08/2024,,,ericgros@club-internet.fr,
28f78d49-a2bc-491e-81cd-c9a45738b277,Alphonse,leroy,2003-03-02,04/08/2024,,,,victoirebecker@club-internet.fr
1c45eba3-8159-4ce5-bca9-10286c3912ef,Nath,Lopez,28/08/2006,2023-11-19,,,,gerard01@tele2.fr
740173c1-0155-4a51-bca2-c581928b1e4b,,Huet,1999-05-14,2024-10-08,,,theophile49@delannoy.net,
314b4d36-9516-4359-8436-2fc753edc74f,Valentine,MERLE,01/02/1996,01/11/2023,,,caronmichele@noos.fr,
6cc56071-0feb-4cad-979d-9ae314fa7d50,Gilles,OLLIVIER,22-04-2001,18/03/2023,lemaitremargaret@wanadoo.fr,,,
c7610e83-84d9-4451-8f18-8e729696dc6c,Anastasie,Aubry,23/02/2001,12/10/2024,,sbesnard@tiscali.fr,,
29b01062-d2e5-4512-aabb-6c41f92862a9,Guy,bodin,2006-09-29,2022-11-02,,,tdumont@wanadoo.fr,
7497375c-366f-4ddd-b1c8-d50a1e390f21,Christelle,DAVID,19-04-2003,2022-12-18,,,mariondominique@noos.fr,
4a229ba5-925f-4cc6-9e9d-2f8a1ef11a27,Aguustin,BARBE,04-03-1996,2022-12-13,,,thibault54@vallee.com,
6bf843df-96f1-4d54-88a6-a0052463463c,Benoît,schneider,1996-09-22,03/07/2023,thereserousset@bernard.com,,,
0b704f97-ded4-4617-914b-e8ca59410ea3,Arnaude,LEDUC,2003-08-12,2024-09-25,ymarques@ifrance.com,,,
9b0fcaa7-d56c-478f-b854-1d6ad59f2b69,Gilles,,19/05/2002,20/11/2022,cmartineau@laposte.net,,,
9ff0f466-ccc0-4446-96dd-58af53415fe2,Margot,Ferrand,05-09-2006,2024-01-15,,,anastasiemaillot@gmail.com,
47020de0-bc64-47e9-b16e-c0b6e3d9de7f,Madeleine,Blanc,13/09/2005,2023-01-01,gabrielle18@olivier.com,,,
79d05e2b-c024-4b51-b07c-3f638591a818,Constance,MOREAU,31-12-2003,22/10/2022,,,,parissimone@moulin.fr
,Andrée,Pruvost,26-09-1995,27/06/2022,,,leblancbernadette@free.fr,
513ff9a9-8724-41ca-9c11-eb1306289878,Alex,Boucher,2001-05-10,2022-09-07,allardjean@meunier.com,,,
4e8a10cb-277b-41ea-96f1-e5cbc4af9dc9,Anouk,POTIER,23/08/1998,2023-01-06,,,,jules00@perrier.com
52ffeff5-e49c-4edd-a9ae-c17b24784b7d,Raymond,mallet,28/09/1999,23/10/2022,olivierchretien@teixeira.fr,,,
76feacd6-517e-4f4a-8f85-93c344f00717,Françoise,Cordier,03/04/1996,29/07/2022,,,,cordierluce@orange.fr
960f69fc-f6a6-46ee-8dd7-e05244e7a702,Margot,ROUSSEL,12-08-1994,2023-05-06,,,,helene67@bousquet.net
2b0e63fd-fc3d-4138-8a5a-42725f90ee57,Sabine,moulin,1996-09-19,2024-08-01,,,adupont@tele2.fr,
2ad98682-f8da-4a79-a72e-dd5f4a0c408d,Adrien,Lopez,09-11-2004,2024-05-07,,virginie65@sfr.fr,,
0ba4e32b-4804-444c-82a4-e22ed7371450,Isaac,Rousset,02-04-2004,2024-07-26,,,,emmanuel61@pages.fr
cd539417-f519-4ab9-813b-e64b9c4624d3,Timothée,NORMAND,1997-11-19,03/10/2023,,,,pmaillard@dbmail.com
9979ba46-f580-4b59-b5b5-68d735eb728f,Vincent,Durand,2000-02-09,28/03/2025,raynaudchristelle@petit.com,,,
b40b7288-b24d-4a35-a530-4b878e484bc0,Claudine,ledoux,2001-04-29,2023-12-20,,,,tanguyantoine@maillet.com
d3d4ddd3-605a-44f5-9012-6e91f8d78cbc,Joséphine,pelletier,20/04/2000,10/12/2023,deniscelina@olivier.fr,,,
c227e0f2-0510-4943-be3e-b6f738b595b9,Roger,Bazin,16-06-1994,26/10/2023,,bonneaulorraine@wagner.net,,
5ced83b3-f7a0-4e7a-be6a-3ea7fae91634,Auguste,guyot,1998-04-13,23/05/2024,pierrevalentine@masson.org,,,
8d41cb4c-2ba4-4308-be77-86aa80155756,Léon,Delmas,24/12/2003,2024-09-13,pruvostgilbert@rodriguez.net,,,
311d2ed4-463a-4bb6-8841-b6a8ba991da0,Claude,Potier,13/03/2003,24/05/2022,,,,bbernard@gmail.com
682904ca-febf-4c56-9826-c4966ebb7a17,Robert,Rivière,17-10-1999,10/03/2025,,,,hetienne@gmail.com
eb1bb47f-4726-4e7f-8c05-e009397bfdd7,Astrid,Rossi,26-07-2006,2024-03-16,,michaudleon@dbmail.com,,
067ec672-cec3-46f4-9262-c536e14e21f7,Nathalie,Jean,09-09-1995,25/03/2025,,menardlouis@free.fr,,
a0135044-a041-401d-9016-8d654f90f91a,,Leroy,1999-11-24,03/05/2024,,allainsusanne@dbmail.com,,
3d051bf4-793c-4fbf-9b9b-71f03f4574d4,Zacharie,vincent,22/07/1998,19/09/2023,diallojosephine@salmon.com,,,
15e59a0f-1ff4-4f0a-9435-0cb1724af3fb,Charles,Fontaine,07-12-2004,2023-11-26,,rodriguezcharles@tele2.fr,,
6e8d0018-a04d-4c84-9c59-5e034d2d3557,Christophe,henry,25-03-1995,06/03/2025,,,cousinclaude@marechal.com,
dd554b7d-3bad-4a0d-a93e-5fcfc080aba4,Joséphine,delmas,18-10-2004,2024-12-13,,djacob@legendre.com,,
c86e0b55-acff-499f-b005-8f9aa6a2c945,André,De Sousa,2000-01-28,30/06/2024,,franckhenry@voila.fr,,
ca1731d0-97c7-48d6-914a-9827b69aca1e,Zoé,LECLERCQ,03/06/2004,2024-09-25,adrienne67@lemoine.net,,,
20afaf9e-0f7c-49ad-8b48-3935cc09de64,Thierry,MARY,21/08/1996,2024-02-25,isabelle82@laposte.net,,,
4a832ab5-57c8-40b0-9a73-cd2f4f05495e,Alexandrie,Petit,14-04-2002,2024-07-01,gomezcorinne@briand.net,,,
c9070c97-3385-4b3b-a893-786da3fb6609,Daniel,Leblanc,15/09/1997,07/02/2023,,sbrunel@dbmail.com,,
9db8ef7e-55ed-4864-b68b-6ba090ebba12,Théophile,Humbert,2004-02-20,2023-09-11,,de-sousasophie@costa.com,,
776ef3e6-3af3-4cc5-b176-e71f39182c16,Laurence,benoit,01/03/2005,2023-04-25,,,susan63@ifrance.com,
5ce195be-01b8-414a-bd68-a5d7d37a430a,Alain,LEGRAND,06-06-1997,2023-10-26,blanchardstephane@leclercq.fr,,,
32a4a8a4-32f9-4771-8799-7940f9adde7d,Roland,ROGER,16/01/1995,25/03/2023,,,yveslenoir@orange.fr,
d7c713b7-2d13-48f3-8580-8066322c3dae,Rméy,roussel,02-05-1997,21/05/2022,ybegue@maillot.org,,,
5f5258ab-cf3a-4723-9ea0-c5033d7a774e,Margaud,picard,21/01/2002,15/07/2024,,,,lemaireguy@laposte.net
b1c12d4b-60d1-4c16-8855-817d31120678,Alix,Prévost,1997-07-10,05/11/2024,,,,benjaminledoux@sfr.fr
53e2e047-2608-4b53-8a22-6cfe4b4f8f74,Paul,Vincent,2003-05-29,,,,,claudegregoire@tiscali.fr
787da6d7-c8df-41f1-94d7-2283ba303cce,Sophie,,1997-11-09,2024-11-29,,,,daniellechevallier@didier.fr
868592d2-5fb6-4406-b665-8a3452630028,Marine,Guillet,05/05/1997,26/05/2024,,,,
73bb84e5-33f7-4722-a517-28b23832dfc1,Noël,Delaunay,27-10-1997,24/03/2023,,,,khoareau@free.fr
226378ab-15b2-42b4-8cf0-f97b4128d40b,Odette,clément,29/08/2000,2023-07-21,,,,michel90@tele2.fr
737ea52f-6d15-4b06-961c-9af39f021a19,Chantal,lesage,2003-01-05,2024-01-14,rprevost@ifrance.com,,,
43fffdea-3bd9-4015-b112-7f4b2df80502,Madeleine,sanchez,19/09/1994,2023-10-28,,,zoe88@baron.com,
8bc85d37-09cc-4f1a-9c38-7c2a1243e838,Luc,le roux,1996-04-24,18/02/2023,,thibaut43@laposte.net,,
e991e6d5-8b0a-4802-bd64-e8d6b757ec69,Raymond,PETIT,05/02/2007,2023-07-28,,sabine66@voila.fr,,
c2db6aab-fd41-4a05-833c-d4f2a7728290,Henri,CHAUVIN,29/04/2002,2023-04-07,,christellerey@mace.fr,,
d8867545-5025-4c18-95fb-f5dccabaef3c,Laurent,gilbert,2000-02-03,07/04/2025,,,brigittelebreton@voila.fr,
20db4294-dfae-4803-93d7-97e723923df4,Thibault,gallet,02/09/2000,2022-05-04,,,yves36@noos.fr,
c7552c99-c349-45ff-a743-2c04c0ac1c00,Marie,TANGUY,18/12/2005,28/07/2023,,,,duhamelsimone@gmail.com
fe87a6bc-f3e0-4dc5-ba2c-9e7927584f1a,Vincent,duhamel,1996-08-30,22/12/2024,,,zmartins@hotmail.fr,
1bcfb92f-798b-4757-b036-f6b962ed5403,Vincent,Colas,23-05-2003,20/03/2024,,,picardfrancois@free.fr,
7d15c353-9a76-4ea9-b063-e9a0d393daad,André,lemoine,1994-11-04,22/02/2023,,,,njacquet@klein.com
02d3fb7e-84be-4e1c-9e5f-feaa0eb54078,,millet,,2024-01-17,,,fredericdumont@noos.fr,
f48138b5-6395-49c4-919a-7396be3e9a90,Lucas,DUMONT,2002-06-07,04/03/2023,,,qlacombe@tiscali.fr,
4f70b88b-f06c-49d9-9339-304b9a8cb3d7,Jacqueline,,30/12/1996,2024-06-07,,,luc02@tele2.fr,
cebca264-9ad7-4b94-a634-63e9d317d8c9,Paul,LAINE,21/05/1995,2023-09-11,kpinto@gmail.com,,,
e188d3d7-a573-4c30-89b4-96251752815c,Cécile,Perrot,03-11-2006,10/04/2025,,zraymond@free.fr,,
9e23faf9-e664-44db-adf8-d4a83fc74cb8,Nath,Lesage,2001-05-11,2024-03-30,,,,marthecolas@yahoo.fr
3d5cab0e-0b2d-483a-b218-9128b2da61f7,Hugues,Paris,2000-12-28,2024-12-19,,rochermonique@sfr.fr,,
8d85ddf1-c309-4f28-be0d-40b469498671,Gérard,Tessier,10/09/2002,15/08/2022,,anouk72@guillaume.com,,
b1c9d0dc-a38c-435f-92bc-f09006d6fba7,Margot,BOUVET,2002-02-27,05/04/2024,noemi63@ifrance.com,,,
b5878d33-1d5b-48b0-8027-b28302bfaf1c,Grégoire,MILLET,09-12-1994,23/02/2025,,,,epinto@hotmail.fr
f334685d-b6ad-478c-be06-f427a832a228,Brigitte,Joly,17/08/2003,19/04/2024,,,jeanmoreau@yahoo.fr,
,Anaïs,Roy,24/04/1997,17/08/2022,,,,honore75@fabre.net
a2819fce-d624-4055-8c39-bd0eb25db530,Suzanne,Barbe,25-10-2001,08/01/2025,tblot@roux.com,,,
33a51ac6-c461-494d-a09c-fe40c5bca449,Paul,Besson,15-02-1995,2023-04-24,,,durandastrid@garcia.net,
f5705436-3877-4265-902c-01a3ab404598,Étienne,CHARTIER,2005-11-12,04/01/2023,,legrosdenise@millet.net,,
6522e8b9-8aad-4665-af30-141d3505c563,Aurélie,MATHIEU,03/12/2004,2023-04-15,,,hamontristan@garcia.fr,
38583966-7572-46f6-b677-f5b463a1bcaa,Christophe,Descamps,1994-07-02,25/06/2023,,merciermartin@noos.fr,,
fbac9ade-7fe4-46d1-994f-7c31c47dd678,François,mendès,05-06-1999,2024-07-29,,etienne95@potier.com,,
,Marie,Prévost,1999-12-12,17/02/2025,,,danielalfred@tele2.fr,
3b803c61-bde7-4473-a3fd-d59c82d29bf8,Constance,Coste,2000-10-19,17/04/2025,alphonsechauvet@ruiz.fr,,,
0f571d6b-1452-4130-9ea8-ffe33e59034b,Guillamue,BESSON,07-03-2007,01/06/2024,,,henrimallet@sfr.fr,
b9add00a-ec64-4a9b-bcf1-c29e09b4413c,Joséphine,hebert,2005-03-21,2023-09-11,,,timothee08@jourdan.org,
bb9d92c0-d8d0-48db-baa0-66940610c42d,Vincent,LE GOFF,24-01-2007,30/04/2023,,,,chartierpaul@raynaud.fr
108abb5c-018c-4313-a139-6d49713e9035,Claudine,Muller,02/06/1997,11/02/2023,lucasmarchand@giraud.net,,,
b998e2d3-6d1e-4d7d-9402-96ee81e6935f,Chantal,LANGLOIS,1998-04-26,2022-12-30,,,,audreyschmitt@bailly.fr
c8028d0e-dcc7-4b51-8598-ab17338f0430,Christine,CHEVALIER,2005-02-09,2023-10-29,,,ebrun@tele2.fr,
6ef54cee-bc24-4f9f-9c01-4262815ada5d,Particia,meyer,2001-06-27,2024-05-06,flaunay@valentin.com,,,
61652fd3-41dd-4edf-acfa-a174ba059e68,Célina,Schneider,14/09/2003,23/03/2024,,,,mguilbert@tiscali.fr
782152e0-b701-4925-a2fb-e906554ed52c,Louis,meyer,1995-07-10,2023-02-07,charriernathalie@marin.fr,,,
be006ccb-f872-4487-a507-c321f0b6844f,Alix,jacob,2001-05-15,18/05/2024,,lejeuneauguste@yahoo.fr,,
31b8f079-2990-44c0-90cb-b982eea00af9,Paulette,Nguyen,04-11-2000,2023-05-20,,,,sbousquet@live.com
ed305556-62a5-4193-a6a1-cc2b0ec5bad7,Audrey,guyon,22-02-2006,07/05/2023,,xfontaine@rocher.com,,
ae5a5f99-f1bb-4d9b-b499-bb6b9afdd464,William,Adam,28/09/1998,2023-05-08,,,ferreirapenelope@weiss.fr,
e6a7a6b0-f961-4ae2-960e-9c1ab4c0fd18,Édouard,Paul,23/01/2001,2023-02-06,,veroniquelaunay@bouygtel.fr,,
887fe19c-f7ba-49f9-802a-63cc4d5e42e8,Margaux,weber,24-01-2006,2024-10-15,,,,uchretien@hotmail.fr
cc2b2f49-c6d5-4a90-9296-ae08a2dcb574,Adélaïde,meunier,27/02/1996,10/06/2023,,,trocher@roy.com,
6af7895b-b241-4fd3-8614-101711e121c7,Édith,DELATTRE,11-12-1995,2025-01-29,,lpicard@live.com,,
7c89617d-32b1-492b-a263-960ab43c6fef,Jules,Gaudin,20/06/1997,07/10/2022,julienbourgeois@gmail.com,,,
311f5d4a-c258-4de2-8f26-54892ec75a83,Raymond,Lejeune,20/01/2007,2024-03-03,,edouardcousin@hoareau.org,,
3c1a8ce2-95ec-4c2c-8798-3bc0579744ba,Christiane,VALLÉE,1995-05-23,2025-02-27,,bonnetrene@chartier.com,,
01dbeb73-cab2-45dc-85b7-b77436089374,Alexandria,Marion,11/12/1995,04/07/2024,,,,wreynaud@dbmail.com
ae8e6075-5eeb-4618-9628-27686df0ac3c,Zacharie,Gomes,30-07-2004,26/04/2023,,nhoareau@gmail.com,,
19a53942-ce67-4962-948b-9bb7df8200b8,Adrien,Pineau,09-05-2000,2025-04-07,andremarion@yahoo.fr,,,
c05e5ade-b303-4188-b378-cb94478b2f00,Sylvie,menard,2003-04-29,12/11/2023,,abuisson@sfr.fr,,
f122d458-f521-4f35-a358-c4d3fc76627b,Sylvie,Lebrun,1994-05-08,14/05/2022,,,,guyonvictor@tele2.fr
bd3c83c3-6671-49de-bc0a-8f909b54d227,Juliette,Faure,09/04/1998,2023-10-12,,sdelmas@yahoo.fr,,
31f09021-9b6f-4e20-8b3a-9a83628616f4,Michèle,Meunier,15/10/2006,04/07/2024,colettefernandez@maillet.fr,,,
1d9d1d80-f47e-4ca0-b23f-d85ae57b084d,Christine,DUPRÉ,1997-02-26,05/08/2024,,,,marcelpicard@gautier.com
e713f930-5395-4e5c-add0-ce02edd32be9,Alice,GOSSELIN,08/01/1997,2023-06-28,,,,
df377ff8-5532-4432-b118-cad6cba88a28,Maurice,Bruneau,01/11/1995,2024-11-07,alexandria68@rey.net,,,
1c8390ba-1672-480e-8a7d-6fa11d9ddb86,Emmanuel,Leblanc,14/09/1998,2024-10-24,,,,baudryalexandrie@bouvier.com
309a8327-891d-47fe-970e-287a0fd7b0f2,Camille,chevallier,02-08-1999,06/02/2024,,,susanne28@orange.fr,
da3465d9-89cd-40e7-825a-2dd465333140,Céline,Gomes,10/02/1996,2022-11-29,,colettebazin@tele2.fr,,
bf3f51d5-2557-482c-888c-6ea499f9a338,Margot,boutin,1996-10-21,11/06/2022,constance14@tiscali.fr,,,
4a9f6c5c-7eb9-4e2d-b738-7270d424d9f3,Maryse,mallet,2005-01-12,19/07/2022,,,,valerieauger@sfr.fr
b34de663-399e-4d08-8f77-98ccef36feb1,Nathalie,ROUX,05-10-2006,22/01/2023,,,qribeiro@free.fr,
6c24dcaa-5660-42e1-a46c-d3c18c45fc9e,Margaret,reynaud,1994-08-31,12/10/2023,,,,hguerin@club-internet.fr
b37bdb99-31f1-4f8b-ac4d-e885b245b7d9,Emmanuelle,Carlier,1999-02-06,17/09/2022,odette90@albert.com,,,
7b814ce1-b22a-4428-b11f-4ae4233731e0,Stéphane,rodrigues,12/02/2004,10/03/2023,nathaliegilles@etienne.com,,,
25c978b5-dbc2-4e42-bd0d-4cb1c9167a93,Alexandria,launay,01-11-2005,09/03/2025,,pereiraagathe@colin.com,,
56a701ab-a66c-4f43-83f3-8f4efaf36aec,Jeanne,Gay,17/04/1996,2022-12-05,,,,arthurlemaire@orange.fr
989da530-b01f-49f3-8d7d-10f37d169638,Jérôme,Guibert,16/01/2001,2023-11-23,,ydelahaye@lefort.fr,,
1527b2ac-1ddb-4f15-9eb8-586302f86044,Gérard,Camus,18/07/2000,2025-01-09,,,costehenriette@paris.com,
fffcff63-7bf3-48f5-a24b-31d72e5c58ad,Madeleine,Boutin,20-05-2004,2024-02-21,eugenegermain@hotmail.fr,,,
899a5349-cb93-4ab6-9cb9-d394e8ac64c4,Julien,Lebon,10/06/2006,,iberthelot@andre.com,,,
a898dac4-f736-4f7e-b51c-586ac0c3d59e,Georges,ARNAUD,2007-02-12,04/11/2024,,,berthelotcaroline@riviere.com,
29451370-a713-42ab-b4cb-7b9a933882b3,Emmanuel,Guilbert,27-06-1996,22/05/2023,,,,deniscorinne@marchal.com
00059b9d-a87d-41ff-b1fa-7e6afa236dbb,Paul,Ribeiro,29/06/2001,29/06/2022,kjoly@tiscali.fr,,,
fc6bc66b-e929-45a3-85cd-74bf501c93a3,Adrienne,SEGUIN,14/02/2006,2024-08-02,,,,dupretherese@gomez.net
371831f3-d527-489b-9b28-65da4cb9be7b,Grégoire,Marion,15/09/1996,2024-08-23,,,,roger29@sanchez.org
29cf4c70-e756-41e0-a657-41db61bc7c56,Andrée,pineau,24-09-1998,26/08/2022,,,,jlemonnier@sfr.fr
fecfdd72-44f7-40a8-bb90-9511a12b61ae,Luce,GRENIER,1995-07-01,2025-01-15,genevieve89@humbert.fr,,,
3f5c022a-9a86-413d-b6c9-dd3806a2074c,Denis,Dupuy,28/09/2000,29/10/2022,vfrancois@etienne.org,,,
460db751-39cb-441a-8c50-1beade6d4e25,Alain,Perrin,1996-10-14,25/11/2023,,,,yduval@roger.org
1875589a-7d57-451f-8e8a-5306d2438d1b,Éléonore,LÉVÊQUE,24/04/2004,11/04/2025,,julie10@free.fr,,
2e408d57-63ba-4c3d-807a-be48f24e7fd6,Aédlaïde,Traore,1999-09-15,06/03/2025,,,iallain@bouygtel.fr,
27ce46ce-b695-42bf-8379-05edafc8d769,Margaux,marchand,17/06/1994,2022-11-26,,bernard53@noos.fr,,
fc7aa2dc-705f-4ecd-aedf-f02e75318081,Adrienne,BIGOT,2006-04-27,07/06/2024,,,,aurelie83@club-internet.fr
4e3fd50b-f28c-435f-9641-d960dba0bdec,Anouk,PIRES,2005-02-09,2023-08-17,,,garniernathalie@morin.com,
edf98b8d-8ddd-4a3e-892d-85a7be501500,Clémence,Dubois,26/09/1995,06/02/2024,,,,gmahe@lebon.net
b3dd0cfb-6ccb-4ae1-b6d3-31ca01ddc628,Élisabeth,BOUVET,2006-12-26,07/10/2023,seguincaroline@parent.net,,,
22212e52-d6e3-4103-9df7-0cc1133b385e,Denise,Benard,09-04-1997,07/07/2022,,,kgillet@live.com,
3ff09d13-add7-4599-a9fe-dd4856847457,Véronique,Gimenez,22/03/1996,19/10/2022,christine44@sfr.fr,,,
64c46086-919f-402e-a194-c7b1bcef40f8,Maritn,SCHNEIDER,02/05/1994,11/01/2025,fmaurice@hamon.fr,,,
,Adèle,MACE,20/11/1999,2023-02-02,,alain16@tiscali.fr,,
e604bfbe-83aa-422f-8772-df4a15b1c4a6,Honoré,Bouchet,1997-08-28,2022-10-28,,,,meyerpauline@bouygtel.fr
4c9df049-5fd2-4ec3-a536-3c77787fb578,Aimée,Gilbert,21/02/1998,27/01/2023,,,,navarromargaux@tele2.fr
6f180343-bf41-4c98-9a8e-8f0523cecf1e,Aiém,Pelletier,18-01-1997,21/02/2023,,,,rolandfournier@delaunay.fr
f2c8c25e-32f1-427c-aa8c-662d290a3d67,Christiane,chartier,01/11/1994,2023-06-05,,,,jcamus@normand.com
e1bb7399-c7c4-42a0-83af-3d93c0476d80,Andrée,CHARRIER,28/10/1999,2023-12-14,nicolassophie@marchand.fr,,,
3c8b966c-af37-4e8c-8473-5700037e7f60,Bernard,potier,20-10-2002,2023-10-02,gaychristiane@club-internet.fr,,,
6dcfcb58-c2ca-45ed-9526-3fef7c65dbfb,Paul,MAURICE,05-02-1999,2022-12-11,,rogergosselin@charles.net,,
79510a45-32cb-48ba-addd-5c02d2137565,Maryse,HENRY,19-08-2005,2025-04-12,,,,dominiquemaury@rolland.fr
edd9636e-3132-4995-bd8a-c696461bcbc3,William,Launay,1994-12-13,16/05/2022,,rouxalex@hardy.org,,
38c6430f-3b3e-47bd-bae9-6dd3a2209a31,Yves,Launay,17/03/2006,2024-05-02,,,,dweiss@masson.org
b62a7941-59dc-4e0f-b168-5db847d28391,Astrid,Hoarau,25-06-2000,28/08/2023,,,,augustinmartin@peltier.fr
e892464d-47b8-45fa-b8d8-cdd6490a886c,Julie,Roussel,1997-11-26,2024-02-17,,,,claudine55@marie.com
c53d1af9-8d40-4eb2-aed6-90cc037f5347,Gilles,RÉMY,04-09-2005,31/10/2023,noel43@ifrance.com,,,
a12ac11c-2167-4dca-9b3a-c54ce31f2212,Noémi,MARION,13-10-1995,2022-10-22,,leonfischer@perrin.com,,
b9b094ac-4d2d-4efd-97c8-294c9e7776ae,Christelle,,06/08/2003,26/02/2023,,rodriguezleon@dias.org,,
8f72d6af-e825-449a-9899-39bada7aee9f,Adélaïde,POULAIN,20/03/2007,15/03/2024,,,emercier@hardy.com,
f7ad3965-b25b-46dc-862e-9af399622263,Gilles,CHARPENTIER,19-02-1997,28/06/2022,,nicolechauvin@pottier.com,,
6257ae9c-8260-4132-802f-b24f70100d7e,Gabrielle,Valette,10/02/1997,16/12/2023,,,,lucas20@free.fr
0244bc44-b25c-4b50-9794-b38937c23f27,Sophie,BLANCHET,10/01/2004,2024-03-26,,,dominique34@bouygtel.fr,
0bad4234-3953-40c0-abcd-ce431e7d8f7b,Élisabeth,gomez,09/09/2003,2023-07-16,,rogerlucas@roux.net,,
a60da1aa-005b-4f73-9dbe-4a3c88db3692,Adélaïde,Lefort,13/11/1997,2024-11-14,,,,emile84@laposte.net
531b49d8-4b7e-42df-9c8a-1631e5f95507,Bertrand,Toussaint,30/03/2001,2022-05-05,,,,nathguyot@free.fr
a845f723-8992-4e2d-8400-e249f8bb1616,Renée,Valette,1998-08-26,11/10/2024,,qguibert@pichon.org,,
dbb464a3-cec7-4642-a13a-9da294e7eb2a,Odette,DELAUNAY,07/10/1997,2022-12-16,nathaliepages@noos.fr,,,
17fc2335-7aa0-4208-a6f4-7dcf25f93ab9,Clémence,arnaud,26/07/2000,2024-04-01,,laurentcolas@chauveau.com,,
29b50942-4f66-4914-8563-5b3048340d51,oJseph,carlier,24-04-2005,2025-03-21,meunierdavid@moulin.fr,,,
b96c2da0-19a8-4c19-a70a-858cf86b2e95,Édith,Dos Santos,09-04-2005,07/05/2022,,,,bjacob@richard.com
44852295-1566-4483-8526-6dc83f936724,Guy,TECHER,18/07/1996,2024-11-05,,,gautierelodie@neveu.com,
901704a8-c279-4913-bafd-292323a49571,Capucine,Goncalves,27/09/1997,2023-08-09,pmeyer@gmail.com,,,
8b2a3730-a0a2-49bd-8478-09c0b1299cb7,Gérard,LEFEBVRE,2003-07-18,27/06/2022,francois86@martin.net,,,
a7c5f960-5a72-44a2-a5ba-779562a876d7,Sébastien,jean,25-07-2001,17/03/2025,marinjean@yahoo.fr,,,
4824faf3-f4b2-4643-b4da-fcc81a0b6310,Agathe,garnier,12-02-1998,30/11/2024,,alvesemile@gmail.com,,
87cd9444-6dba-4754-ad95-d98d26aeaf29,Xavier,BRUNEL,31/07/2004,25/01/2023,,,,margottorres@club-internet.fr
e01a5b5e-592f-4dc6-8979-3220d14bc771,François,dupuy,04-12-2004,02/06/2024,suzanne10@laposte.net,,,
63fe557c-25d4-4c19-91fc-4c232586dcd1,Caroline,mace,15/06/2005,2024-05-01,verdieraurelie@rodrigues.com,,,
c47d336f-2e8f-4f7f-a0a6-2edffea95b73,Alice,benard,1999-10-17,28/08/2023,,sleduc@noos.fr,,
23627835-555d-48c6-a2f8-7deacb22eb8d,Suzanne,guibert,14/07/2004,2023-05-06,,fdias@tiscali.fr,,
6276ee87-3ae8-48f8-9247-8bb2894539ec,Émile,Blin,10/05/2003,03/02/2024,,,,huetagnes@martins.fr
ebc05f02-2233-412a-b526-4ea279533cb7,Frédéric,lopez,18-10-2003,13/10/2023,,theodorejacques@laposte.net,,
6bcbb347-e9b7-48ee-ae6c-69f7f8c92b4a,Patrick,Lacroix,2003-09-05,2023-04-02,georgesgrenier@hoareau.fr,,,
a9a9cef7-1b23-45d0-b38f-10f20dd867e5,Inès,LEGRAND,14-08-2000,2024-04-28,,,caronaimee@chevalier.com,
2653de2b-6a9f-487a-904f-6197d4c0df28,Paulette,Vidal,24/12/2003,17/04/2024,,,,charlotte65@imbert.com
e19383a9-0f5c-465a-a7e8-3b871c7bf8eb,Lucy,David,05-03-1999,2024-11-12,,,alaindelaunay@bazin.fr,
eb4d6df5-420f-49a8-945b-4e9bb61ec0ed,Henriette,CHARRIER,22/09/2003,2023-08-07,,rbarbier@barbe.com,,
0e55ced3-9e79-46fe-a680-c5e3363cbc32,Matthieu,Michaud,09/12/2006,29/01/2023,,,umartel@gillet.com,
6c99ce56-a58a-4bb5-9f19-30e0cda7a451,Léon,Dupuy,1995-03-24,04/10/2022,etiennejosette@leroy.net,,,
10b8c1c5-1b41-42aa-8aa4-31e929aaaa7e,Marcel,Godard,05-02-1999,06/05/2022,,francoiserenaud@gmail.com,,
91f390f4-fa06-4889-95c5-239244e831e1,Geneviève,Bertrand,21-05-1998,10/09/2024,,,rousseauthomas@hotmail.fr,
c06e1029-5b4d-4bbf-bb04-c6b1022ba960,Rloand,CHAUVIN,1999-07-19,04/06/2024,,,odette65@boutin.fr,
19db533e-80ea-43af-bdcf-c159e581c1bc,Constance,BECKER,23-03-2001,2022-12-08,,,lmartel@charpentier.com,
a03e7003-e29c-4897-9429-25a0768e212d,Éric,wagner,27/11/2005,13/04/2023,,,paulinewagner@charrier.fr,
4a74982e-56ca-4fb3-a196-2a11c90cd1d3,Agnès,FERRAND,28/11/2001,17/02/2024,,,,ndupuis@brunet.fr
c42d5f03-2482-48d1-83d3-3907ce028d60,Thierry,Lévy,1995-12-15,2022-09-01,,,de-sousathomas@free.fr,
93964405-47b5-44cd-9173-0df2295642c6,Aimée,benard,29/04/1999,2022-09-04,,,mathildeleleu@poirier.fr,
a6798ab0-7129-42f6-a06c-a678c35d8f64,Guillaume,Denis,1998-08-26,18/09/2024,,marchalsebastien@ifrance.com,,
ae3acdf2-eac9-41cc-9ea3-93eadb646a33,Gilles,Besnard,03/04/2001,2023-11-09,,emile68@tele2.fr,,
aebbf69f-fdc2-405c-a023-282ae09dd9e8,Augustin,LEGENDRE,08-10-1998,2025-01-13,,martineguilbert@meyer.org,,
da948cdf-6637-4dc7-91f4-48bb28802cff,David,Hubert,09/09/2000,2023-12-13,,levequechantal@tele2.fr,,
77009b2e-d17b-4fc6-a66e-b0e288fd5890,Franck,CLÉMENT,2005-03-24,2023-01-24,,,,blecoq@marechal.fr
366f4268-7c7d-4490-9ab7-f449ff169376,Martine,traore,14-02-2000,27/04/2024,cecile08@lelievre.net,,,
99e03598-fce1-4a25-8804-ccea9175fc63,Philippine,Gillet,29/09/1999,2022-07-24,nreynaud@gmail.com,,,
c234af07-f3e0-4b1f-85df-9333de36992f,Marianne,Briand,23-11-1997,12/06/2023,,emileblanchard@hotmail.fr,,
dfafc6cf-4c5f-4cfb-94ea-e37c67b2916c,Michèle,sauvage,15/12/1998,2024-01-31,,julien01@le.org,,
6b4a3541-f123-467e-996a-2b3632d7cc22,Christine,ollivier,04/02/1997,28/07/2024,smonnier@dubois.net,,,
9dd3c15a-9417-40f5-aaff-96ffb9046b52,iWlliam,Breton,15-08-1995,2025-02-13,,,,fernandesceline@laposte.net
cac19d2e-1d15-471c-9100-1ab9dd42da67,Margot,cordier,2002-10-17,01/06/2023,omarchand@riou.com,,,
300a491a-faa1-4736-bee6-b06e37f7a96a,Astrid,GRENIER,1994-12-01,14/08/2024,,,wfabre@aubert.com,
4d4c3b80-0425-4c71-9d21-a235d053d7f4,Thibault,Gaudin,05-08-2000,29/10/2022,,apasquier@live.com,,
85ee751c-6d04-43e7-8adf-1e46d403fd02,Paulette,,2000-04-15,12/10/2022,xgilbert@lenoir.fr,,,
b044db1b-a8db-49a1-9857-ec6048f79726,Maggie,Nguyen,14/10/2000,2024-12-29,,,fernandezsusan@yahoo.fr,
eeb81b7d-9dc3-4d41-8434-86c3a64dcc1d,Antoinette,duval,27/10/1995,2024-05-29,,,,lgaudin@martineau.fr
8d34dd83-7462-4fb5-86e1-9fd7390e9f57,Alex,NOËL,25-11-1997,16/02/2023,,,,martystephanie@tele2.fr
b42e8714-a515-41ba-9206-e99ae8724434,Sabine,traore,27/04/2001,24/12/2023,,,sabine38@royer.org,
e8ca5b2e-cb8e-4d61-a715-94ffd6a6e618,Arnaude,MAILLET,12/07/1999,2023-04-29,adavid@brunet.fr,,,
fe2a0cbc-927a-404e-b58b-8c612ba009ec,Aurore,GUILLOT,31/12/1999,2024-08-29,laetitiaweiss@ifrance.com,,,
6dd9a879-93ee-46ee-ae93-a4d0cd24120c,Gilbert,BOUSQUET,1995-03-05,2023-12-16,,hprevost@nguyen.com,,
c8c6a8b1-93b1-4e1d-a1a6-1f321e4dacd6,Anaïs,Ledoux,16/11/2002,18/12/2024,tristanmartins@hotmail.fr,,,
a0ff3498-02f4-498f-affa-d35606905ba5,Pénélope,Allain,19-11-1995,12/12/2022,massealex@bernier.com,,,
5badd755-c710-4f3d-a1aa-19f0a26c2d5a,Julien,DUPUIS,06/01/2002,2025-01-26,,leon83@pires.org,,
ef5a9491-153d-4653-8664-18580d3f69ed,Guy,Techer,06-07-2005,2022-05-24,,jacquesjeannine@gautier.org,,
13cf44fe-17c0-4e28-ae3d-9de2e504d1c6,Clémence,Étienne,02-10-1998,08/03/2023,,,,marinstephanie@voila.fr
a02cbed2-f58f-41b0-bc8c-65ab12d5dfe5,Denis,LACROIX,02/05/2001,2025-03-21,obouvier@tele2.fr,,,
e754d4c3-0298-4dd2-8c7b-34e22e07cb63,Joseph,delmas,14/01/1997,16/09/2024,,,,le-goffadelaide@bonneau.com
ed348e32-4126-4a8f-bddf-d7eb85915036,Gérard,Olivier,28/12/1996,2024-11-15,pauldenise@fabre.net,,,
155c8139-3842-43b4-a378-ff4453d9a4dd,Nathaile,Jacquot,19-10-1994,01/11/2022,,,,christine31@live.com
77902ddf-4b58-4ceb-a6e4-86bf8d2eea22,Noémi,costa,05-05-2006,25/02/2024,,,,philippegiraud@sfr.fr
47f50a35-b7a7-45e2-a327-119fd895ccea,Anaïs,Henry,2005-12-26,2024-10-11,,,stephanieleclerc@tiscali.fr,
98a91187-6c7a-4c9d-b237-64bae202f022,Océane,maillard,02/09/2001,27/08/2023,,,mgilbert@besson.com,
f545dfb3-08a4-4ee1-a3b2-f9852ad0d57e,Danielle,fleury,10/12/2001,,,,,josette85@ifrance.com
529b3b96-cf1d-46be-ae0e-343d1d59b308,Aurélei,LEMOINE,22/10/1994,26/10/2023,,fabremargaux@guichard.com,,
b033ee83-518f-4ed4-8277-4ef31f4f4a0f,Alain,wagner,24-08-1999,2023-09-11,,,yduhamel@rey.com,
86faaa83-3651-4c93-9a0f-b0b8489af195,Martin,henry,08/11/2000,06/09/2024,baudrymadeleine@noos.fr,,,
d03a9ed2-515a-4eea-af69-a1cfc19666e9,Timothée,Philippe,25-11-2005,2023-02-19,cdidier@de.com,,,
53ae1065-99f7-4c76-abcf-d03f73e9b99b,Jeanne,Jacob,1996-05-29,21/04/2023,,,,alfred90@jacquet.com
eb044ecb-8891-4b26-a555-157009795e75,Éléonore,Fournier,23/02/2001,2023-09-25,,,lelievreetienne@ramos.org,
667cf788-5887-43d2-80f1-fa3a5133577b,Édouard,berthelot,20-12-1998,2023-08-18,,,carliertheophile@tele2.fr,
e914ae70-f797-4ec8-a41e-f111d94296b6,Gérard,Besson,09-09-2002,2024-12-03,,hubertbenoit@joly.fr,,
2b91aace-39f1-4027-af88-e2c0b968ab06,Emmanuel,Aubert,2005-12-29,2023-11-13,poiriersabine@masson.org,,,
9cdd39a7-b01b-4134-944e-e74343839f12,Sophie,Gillet,1995-07-29,12/06/2023,,,,isabellejacques@marchand.com
f7410b94-d9a3-4c28-a346-c1b795899035,Antoinette,DIAZ,09-02-2007,13/03/2024,,hortensemartel@guyot.fr,,
43892f66-1780-49e9-b9d0-07627b92a41d,Pauline,COLLET,2006-09-24,2022-08-25,,margauxjourdan@sfr.fr,,
7e9e7b8a-f8c5-4ac6-933c-a9cf13f8e789,Charles,lecomte,13-02-2006,2022-05-09,,,,mcollin@duval.fr
8713b81f-c2f8-4229-972c-8583d06200e3,Denise,Bouvier,05-11-1997,2023-08-16,,,,claudebodin@yahoo.fr
62b51781-5d17-425d-aaac-abb43802485f,Catherine,Legendre,05-07-1996,2024-06-24,eroche@briand.com,,,
93c6267d-dead-44fc-b395-26574ea12bd9,Madeleine,henry,2005-12-21,2022-12-03,,valletfrederic@orange.fr,,
444a2a48-2fe1-4ed8-b5fa-0ebee4e39c20,Antoine,Ollivier,31-07-1994,10/02/2025,,,,remy18@hotmail.fr
659d12db-268f-490a-b649-f5856e750e7a,Constance,Perret,2000-04-29,2024-06-16,,,,besnardrichard@live.com
bb647511-61ec-4f07-a60c-13290c941263,Audrey,leclercq,17-12-1995,2023-07-19,,,mschmitt@laporte.fr,
0cc46000-ae60-4948-9bf3-84ef6efe2368,Madeleine,menard,2003-02-13,2022-10-08,,,,vincentauguste@dupuis.com
e1f217be-39f9-4c64-8684-833e19dd3b90,Laure,BONNIN,2003-05-08,2024-01-07,oroussel@bouygtel.fr,,,
341d85cd-c925-4285-abc8-906f34a91b86,Adélaïde,Diaz,20/09/2002,2023-07-10,,,,gauthierjulien@wanadoo.fr
4e29b9da-bd35-4d2a-ba0c-d56d9f4325f4,Dominique,LAGARDE,19/03/2006,24/04/2023,,,maggie12@le.com,
0554e88b-5584-42ba-ad8c-5504797f6e4d,Joseph,aubry,17/08/2005,16/08/2022,,,valentinadrienne@guillon.com,
1c00b895-78fa-4b84-bf5c-d7eddf8b4008,Benjamin,Durand,2002-08-09,16/09/2024,,edithgaudin@free.fr,,
19991b39-180a-4e01-8677-36bc258675e9,Thibaut,guyon,2007-02-21,,,wguyon@bouygtel.fr,,
7570b0ac-5d42-40d5-80e7-ca767c8ad37a,Alexandre,Benard,01/08/2005,30/07/2023,,,rmarie@wanadoo.fr,
fa87fba5-25dc-4ca2-854e-6210a3c9f400,Antoinette,Vasseur,2006-09-07,2025-02-06,colette03@alves.net,,,
f46eb787-ebaf-49c7-b19f-a2f716daa8f5,Alexandria,RIOU,17-12-2006,03/10/2022,,llaine@bouygtel.fr,,
641a4b74-54c9-4d44-a353-a243594de8d7,Jacqueline,delattre,2005-11-06,2023-06-22,,,,augustindelorme@wanadoo.fr
1f7a63af-9cc4-4ca3-958c-449e57e0d57b,Aurore,De Sousa,28/03/2006,15/09/2024,,,,frederic07@laposte.net
f777c816-85ef-475e-a675-5363ae50f96e,Stéphane,Ferrand,2002-03-25,2024-09-02,claire41@garcia.fr,,,
97d38ab9-d352-4a91-8873-d25237a2a180,Gérard,Vincent,29/12/1994,2024-05-16,,perretadrienne@voila.fr,,
e0f3ee66-59a7-46e4-a341-89c5405df186,,Gaudin,23-02-1995,2025-02-15,,,,delannoyrichard@peron.com
eed4d005-7922-4d87-883a-1c2738071019,Adrienne,Menard,1999-03-30,2025-03-08,galexandre@bouygtel.fr,,,
905c3fd9-2c5d-449c-8f8c-61b998d788d9,Bernaedtte,POTIER,1999-06-08,01/09/2023,,,,philippedufour@lenoir.net
9110f698-4c1e-472a-95e9-bee44e143977,Lorraine,Pinto,1999-06-02,2024-08-13,,gnguyen@laine.fr,,
5b88fc72-b66c-4b02-af66-dc57ef544897,Chnatal,monnier,13-11-2002,12/02/2024,dbouchet@voila.fr,,,
6bc152ad-c44b-44e8-b51e-2df306c3998e,Emmaneul,FAIVRE,21-10-2003,23/11/2022,,,inesblanchet@live.com,
90c97f32-e660-48e0-8b13-b6899ef2a148,Théodore,VINCENT,17-06-1996,2023-12-19,,aleconte@ledoux.fr,,
d473f3b5-452a-4da7-8e00-583d15ac37f0,Manon,,22-03-1995,2023-09-19,,,genevieve75@riviere.com,
8fe275b1-24e7-4383-8429-e12c347f1a8c,Nicole,costa,26-03-2006,2022-11-16,,,thibauttecher@fouquet.com,
1d5d8f65-3361-4134-b012-00ab9fa87040,Daniel,Martin,19/07/2002,2022-12-12,,hoaraulucas@reynaud.fr,,
4cc7cda2-1f2f-487d-ad11-3faf0e3f4912,Anne,Guillet,10/12/2000,29/01/2023,,,valentine97@lesage.com,
a84fa67f-be9e-41a9-918c-7fde24458bad,Oliveir,Picard,10/06/1997,21/06/2024,,,svoisin@martineau.com,
467248f6-aaee-4d68-9e09-f48e7e32e5d0,Anaïs,COLLIN,24/04/2004,06/04/2025,,bdelattre@leroy.com,,
4d81c859-949e-44ad-82d2-2ee763b1a52e,Arthur,Imbert,23-11-2003,23/01/2025,,,monnierguillaume@tele2.fr,
fb5435ba-0255-413b-86e3-2efc75566ff1,Hugues,Pelletier,06-08-2006,04/06/2024,maryse86@roger.com,,,
56dbc7ac-902a-43ae-b81e-1682a7eb4008,Céline,Auger,13/04/2000,22/11/2022,,anais17@ifrance.com,,
937749f6-2e2d-4681-a8b2-60709b1872ac,Mathilde,Guillou,28-04-2002,2025-02-05,,,marthebreton@live.com,
114c440d-675d-493b-9473-6d379e12d7cf,Benjamin,martinez,28-03-2004,22/12/2022,,chartierfranck@potier.fr,,
c590f851-fb38-4671-bb45-d977c2896a30,Susan,peron,21/10/1999,21/04/2023,,,,nathaliejacob@andre.com
d8c80184-0994-4e76-9d4e-2772401fb5a6,Océane,legrand,2004-09-15,04/03/2024,,,,rogertristan@yahoo.fr
fd26a41b-221a-4c4e-a0ac-4a6473131038,Lucie,BAUDRY,08/03/2006,30/08/2024,philippemarin@potier.org,,,
6f1ec0de-297e-43f4-bdfd-cc7b33815e0d,Sylvie,Evrard,18/02/1998,11/02/2023,lombardmarguerite@martins.com,,,
917bc866-6874-4b44-863e-23bf5c0c309c,Émilie,Guérin,21/05/1994,30/09/2023,,,,naubert@charrier.fr
da79d686-8f06-4963-a656-64ac9e54a175,Guillaume,Mercier,12/05/2000,29/02/2024,,,kguerin@hotmail.fr,
19d56f42-4c58-4a8e-846a-4a71c84a89b8,Georges,didier,17/06/1996,2023-04-12,,alphonse34@perrier.fr,,
f7d65f6a-2869-45ee-9f18-e065df5864d5,Sébastien,sanchez,15-06-1995,2024-07-27,andree90@guillon.org,,,
6be13e78-568a-420d-8843-280a07aca3fe,Raymond,bourgeois,30-05-2005,2023-09-20,,,,lucaslevy@boulay.com
f2aff86f-ce3f-4e9a-92aa-5ab47e59a0d1,Geneviève,Bourdon,22/04/1998,2025-04-15,,david69@courtois.com,,
091d1643-1aa3-418e-8aaf-8962b92c23e3,Colette,Guillou,24/11/1998,03/04/2023,,tmartel@orange.fr,,
c60b846e-06bf-4fb7-8e2b-d8c9ee662c46,Sabine,PIERRE,30/08/1994,26/07/2024,courtoischristine@gmail.com,,,
200f8ed9-b208-4418-a092-0068c403b430,Aurore,boutin,18-11-2000,11/02/2024,,,navarrogeorges@benard.net,
3cf8b913-0ed4-4264-ab06-8b1e6fc0174f,Nicolas,morin,2000-02-19,19/10/2024,,,,antoinetteletellier@garcia.net
704532d5-2070-43f0-8e80-ea41139cd2b0,Jules,CARRE,07-04-1995,25/06/2022,,josette34@laposte.net,,
,Margaux,Garnier,10/08/2004,2022-08-15,,,clemencemunoz@live.com,
f1015bfe-4d7e-4c8e-b68f-f0dc718bf53a,Aimée,Valette,16-01-1998,22/08/2024,,,edithda-costa@dbmail.com,
0dd2c843-1ab8-4733-80e1-cc418a9a727f,Adélaïde,Bouchet,2006-03-02,2025-04-18,edouard32@wanadoo.fr,,,
35f4ffba-8d8f-4868-bded-b9cc4e107ed6,Gérard,GUICHARD,21/03/1998,2022-11-25,,,,marthebesnard@noel.com
4728ddf6-4532-499e-88a4-3ec0d61968aa,Jacqueline,jacob,14/10/2002,29/07/2023,,lopesdominique@costa.com,,
39757433-0b5e-4148-b1ab-471162794a6e,Lucas,Gillet,21-10-2000,2023-01-30,,,peltierthibault@gmail.com,
